,代码,名称,最新价,涨跌额,涨跌幅,买入,卖出,昨收,今开,最高,最低,成交量,成交额
0,sz159998,计算机ETF,0.882,-0.003,-0.339,0.882,0.883,0.885,0.886,0.896,0.878,55278000,48990246
1,sz159997,电子ETF,1.127,-0.002,-0.177,1.126,1.127,1.129,1.129,1.142,1.121,22271000,25153074
2,sz159996,家电ETF,1.349,0.001,0.074,1.348,1.349,1.348,1.349,1.355,1.343,46574143,62842601
3,sz159995,芯片ETF,1.197,-0.003,-0.25,1.197,1.198,1.2,1.199,1.216,1.187,493619100,592328256
4,sz159994,5GETF,0.973,-0.003,-0.307,0.973,0.974,0.976,0.979,0.985,0.97,59485106,58083463
5,sz159993,证券ETF龙头,1.206,0.002,0.166,1.206,1.207,1.204,1.205,1.228,1.194,87133001,105626031
6,sz159992,创新药ETF,0.819,0.006,0.738,0.818,0.819,0.813,0.812,0.824,0.81,491828216,401502103
7,sz159991,创大盘ETF,0.481,-0.002,-0.414,0.48,0.481,0.483,0.483,0.488,0.48,7470900,3614882
8,sz159985,豆粕ETF,1.928,0.001,0.052,1.927,1.928,1.927,1.929,1.93,1.926,73802700,142248197
9,sz159982,中证500ETF鹏华,1.526,-0.003,-0.196,1.525,1.526,1.529,1.527,1.541,1.52,5338900,8165670
10,sz159981,能源化工ETF,1.333,-0.01,-0.745,1.332,1.333,1.343,1.347,1.348,1.331,72834800,97340711
11,sz159980,有色ETF,1.711,-0.011,-0.639,1.711,1.712,1.722,1.722,1.723,1.709,82592600,141746871
12,sz159977,创业板ETF天弘,2.236,-0.008,-0.357,2.236,2.237,2.244,2.239,2.268,2.233,38025800,85544515
13,sz159976,湾创ETF,1.175,0.001,0.085,1.152,1.175,1.174,1.169,1.184,1.169,44600,52661
14,sz159975,深100ETF招商,0.572,0.0,0.0,0.57,0.572,0.572,0.57,0.577,0.57,8173400,4685338
15,sz159974,央企创新ETF,1.586,0.001,0.063,1.584,1.587,1.585,1.585,1.593,1.585,419402,666173
16,sz159973,民企ETF,1.373,-0.004,-0.29,1.373,1.384,1.377,1.378,1.386,1.371,184700,254842
17,sz159972,5年地债ETF,116.379,0.014,0.012,116.376,116.379,116.365,116.42,116.42,116.347,20681200,2406574219
18,sz159971,创业板ETF富国,1.498,-0.003,-0.2,1.498,1.499,1.501,1.502,1.519,1.494,14548100,21848662
19,sz159970,深100ETF工银,4.683,0.003,0.064,4.678,4.75,4.68,4.671,4.995,4.67,144400,678058
20,sz159969,深100ETF银华,1.173,0.0,0.0,1.172,1.175,1.173,1.171,1.179,1.171,819600,962109
21,sz159968,中证500ETF博时,7.392,0.001,0.014,7.392,7.399,7.391,7.393,7.454,7.318,908897,6726031
22,sz159967,创业板成长ETF,0.45,-0.001,-0.222,0.45,0.451,0.451,0.451,0.459,0.448,243403995,110104205
23,sz159966,创业板价值ETF,0.47,0.001,0.213,0.469,0.47,0.469,0.47,0.474,0.466,6362245,2985954
24,sz159965,央视50ETF,1.515,0.009,0.598,1.513,1.515,1.506,1.505,1.527,1.505,553600,837754
25,sz159964,创业板ETF平安,1.399,-0.004,-0.285,1.399,1.41,1.403,1.403,1.418,1.396,5666402,7955337
26,sz159961,深100ETF方正富邦,1.652,-0.001,-0.06,1.65,1.654,1.653,1.651,1.668,1.649,3093300,5128261
27,sz159960,恒生中国企业ETF,0.895,-0.005,-0.556,0.894,0.895,0.9,0.899,0.903,0.888,6716900,6018985
28,sz159959,央企ETF,1.434,-0.001,-0.07,1.433,1.434,1.435,1.435,1.442,1.43,16581600,23789009
29,sz159958,创业板ETF工银,1.3,-0.002,-0.154,1.3,1.305,1.302,1.303,1.318,1.298,2479700,3238031
30,sz159957,创业板ETF华夏,1.41,-0.005,-0.353,1.409,1.41,1.415,1.413,1.429,1.407,35481500,50202778
31,sz159956,创业板ETF建信,1.365,-0.001,-0.073,1.36,1.365,1.366,1.369,1.38,1.358,354600,485638
32,sz159954,H股ETF,0.985,-0.007,-0.706,0.985,0.986,0.992,0.988,0.994,0.977,9449800,9292992
33,sz159952,创业板ETF广发,1.305,-0.004,-0.306,1.304,1.305,1.309,1.309,1.324,1.302,87858100,115179737
34,sz159949,创业板50ETF,0.968,-0.002,-0.206,0.968,0.969,0.97,0.971,0.984,0.967,935786707,910434994
35,sz159948,创业板ETF南方,2.375,-0.005,-0.21,2.374,2.375,2.38,2.388,2.408,2.369,15969000,38060339
36,sz159945,能源ETF广发,1.055,0.002,0.19,1.05,1.057,1.053,1.056,1.06,1.054,3354600,3544259
37,sz159944,材料ETF,0.983,-0.008,-0.807,0.983,0.985,0.991,0.991,0.991,0.982,561800,552885
38,sz159943,深证成指ETF,1.14,0.0,0.0,1.138,1.14,1.14,1.136,1.15,1.134,17561800,20047241
39,sz159941,纳指ETF,1.23,0.007,0.572,1.23,1.231,1.223,1.234,1.234,1.23,710126200,874724423
40,sz159940,金融地产ETF,1.272,0.011,0.872,1.272,1.275,1.261,1.259,1.287,1.257,6212000,7912041
41,sz159939,信息技术ETF,0.641,-0.001,-0.156,0.64,0.641,0.642,0.639,0.649,0.636,36415800,23378308
42,sz159938,医药卫生ETF,0.645,0.001,0.155,0.645,0.646,0.644,0.644,0.651,0.642,43458410,28084805
43,sz159937,黄金ETF基金,7.396,-0.037,-0.498,7.396,7.397,7.433,7.392,7.41,7.365,72675400,536754164
44,sz159936,可选消费ETF,1.998,-0.001,-0.05,1.998,2.001,1.999,2.002,2.012,1.992,1863700,3731413
45,sz159935,中证500ETF景顺,1.856,0.0,0.0,1.851,1.912,1.856,1.852,1.872,1.848,583100,1084914
46,sz159934,黄金ETF,7.335,-0.037,-0.502,7.334,7.335,7.372,7.325,7.341,7.305,69469300,508708154
47,sz159933,国投金融地产ETF,3.098,0.054,1.774,3.096,3.098,3.044,3.058,3.098,3.04,32300,98599
48,sz159931,金融ETF,1.988,0.022,1.119,1.987,1.988,1.966,1.966,2.01,1.961,979930,1950876
49,sz159930,能源ETF,1.284,0.003,0.234,1.284,1.285,1.281,1.28,1.289,1.278,19620400,25194375
50,sz159929,医药ETF,1.323,0.003,0.227,1.323,1.324,1.32,1.318,1.332,1.316,52974500,70156668
51,sz159928,消费ETF,0.798,0.001,0.125,0.797,0.798,0.797,0.797,0.801,0.794,383055000,305663848
52,sz159925,沪深300ETF南方,4.055,0.018,0.446,4.05,4.055,4.037,4.035,4.087,4.026,35429090,143392580
53,sz159923,中证A100ETF基金,1.787,0.007,0.393,1.782,1.787,1.78,1.78,1.8,1.779,1401200,2511692
54,sz159922,中证500ETF,2.387,0.001,0.042,2.385,2.387,2.386,2.385,2.407,2.373,189663821,452628160
55,sz159920,恒生ETF,1.465,-0.011,-0.745,1.465,1.466,1.476,1.469,1.477,1.457,492824300,722527404
56,sz159919,沪深300ETF,4.159,0.012,0.289,4.159,4.16,4.147,4.139,4.195,4.131,167477181,696723092
57,sz159918,中创400ETF,1.901,-0.008,-0.419,1.873,1.936,1.909,1.902,1.923,1.901,15700,30081
58,sz159916,深F60ETF,4.7,-0.002,-0.043,4.703,4.728,4.702,4.705,4.746,4.7,3700,17427
59,sz159915,创业板ETF,2.133,-0.008,-0.374,2.132,2.133,2.141,2.141,2.167,2.131,1077084673,2308805613
60,sz159913,深价值ETF,2.172,-0.001,-0.046,2.128,2.191,2.173,2.165,2.181,2.165,13200,28777
61,sz159912,深300ETF,1.432,-0.002,-0.139,1.432,1.44,1.434,1.437,1.445,1.429,1883600,2701989
62,sz159910,基本面120ETF,2.085,0.0,0.0,2.083,2.095,2.085,2.082,2.098,2.079,785000,1639456
63,sz159909,TMT50ETF,0.689,-0.003,-0.434,0.688,0.689,0.692,0.692,0.697,0.689,5558537,3848436
64,sz159908,创业板ETF博时,2.004,-0.007,-0.348,2.004,2.005,2.011,2.011,2.031,2.002,12915900,25968649
65,sz159907,2000ETF,0.849,-0.003,-0.352,0.848,0.849,0.852,0.937,0.937,0.846,30800000,26279476
66,sz159906,深成长龙头ETF,0.973,-0.006,-0.613,0.973,0.981,0.979,0.979,0.982,0.971,1897500,1855558
67,sz159905,深红利ETF,1.644,0.004,0.244,1.644,1.645,1.64,1.636,1.653,1.636,20992100,34526189
68,sz159903,深成ETF,1.27,-0.001,-0.079,1.269,1.27,1.271,1.27,1.281,1.265,18722900,23784921
69,sz159902,中小100ETF,3.471,-0.002,-0.058,3.465,3.471,3.473,3.473,3.494,3.447,627400,2177285
70,sz159901,深证100ETF,2.767,0.002,0.072,2.767,2.768,2.765,2.761,2.79,2.755,33171085,91749375
71,sz159899,软件龙头ETF,0.822,0.003,0.366,0.821,0.822,0.819,0.816,0.836,0.811,22039300,18175820
72,sz159898,医疗器械指数ETF,0.527,0.002,0.381,0.526,0.527,0.525,0.529,0.53,0.526,23920262,12630198
73,sz159896,物联网ETF南方,0.796,-0.006,-0.748,0.795,0.798,0.802,0.799,0.804,0.794,11629100,9287008
74,sz159895,物联网ETF易方达,0.857,-0.005,-0.58,0.855,0.858,0.862,0.86,0.865,0.855,22600,19420
75,sz159892,恒生医药ETF,0.754,0.003,0.399,0.753,0.754,0.751,0.75,0.763,0.741,1659190600,1249118384
76,sz159891,医疗ETF基金,0.428,0.001,0.234,0.427,0.428,0.427,0.427,0.43,0.427,1151200,493579
77,sz159890,云计算ETF,1.184,0.0,0.0,1.184,1.185,1.184,1.184,1.2,1.183,31455100,37469261
78,sz159889,智能汽车ETF,0.911,-0.004,-0.437,0.911,0.918,0.915,0.91,0.919,0.906,1484200,1354341
79,sz159888,智能车ETF,1.054,-0.006,-0.566,1.053,1.054,1.06,1.061,1.065,1.048,11273131,11923902
80,sz159887,银行ETF,1.447,0.027,1.901,1.447,1.448,1.42,1.417,1.453,1.417,132527400,190577739
81,sz159886,机械ETF,0.76,0.0,0.0,0.758,0.76,0.76,0.761,0.765,0.756,30487500,23161672
82,sz159885,碳中和ETF基金,0.585,-0.003,-0.51,0.585,0.587,0.588,0.588,0.592,0.585,1749200,1028424
83,sz159883,医疗器械ETF,0.486,0.004,0.83,0.486,0.487,0.482,0.484,0.489,0.483,91075000,44294913
84,sz159881,有色60ETF,1.12,-0.017,-1.495,1.12,1.122,1.137,1.137,1.137,1.118,7700200,8656133
85,sz159880,有色ETF基金,1.163,-0.015,-1.273,1.162,1.163,1.178,1.171,1.175,1.159,8654000,10075758
86,sz159877,医疗ETF南方,0.566,0.0,0.0,0.566,0.569,0.566,0.569,0.571,0.566,2253800,1283475
87,sz159876,有色龙头ETF,1.201,-0.017,-1.396,1.2,1.201,1.218,1.219,1.219,1.197,2032408,2445587
88,sz159875,新能源ETF,0.453,-0.003,-0.658,0.452,0.453,0.456,0.457,0.459,0.451,61136700,27764644
89,sz159873,医疗设备ETF,0.57,0.001,0.176,0.57,0.571,0.569,0.573,0.574,0.569,5103300,2918724
90,sz159872,智能网联汽车ETF,0.893,-0.002,-0.223,0.894,0.899,0.895,0.892,0.902,0.89,228400,204159
91,sz159871,有色金属ETF,1.174,-0.016,-1.345,1.174,1.175,1.19,1.188,1.188,1.17,3702000,4355072
92,sz159870,化工ETF,0.573,-0.005,-0.865,0.572,0.573,0.578,0.578,0.578,0.571,67326632,38671089
93,sz159869,游戏ETF,1.293,0.028,2.213,1.293,1.294,1.265,1.259,1.311,1.259,819870562,1053776858
94,sz159867,畜牧ETF,0.618,0.001,0.162,0.617,0.618,0.617,0.617,0.62,0.615,21308000,13162889
95,sz159866,日经ETF,1.144,-0.003,-0.262,1.144,1.145,1.147,1.148,1.148,1.143,22288100,25518154
96,sz159865,养殖ETF,0.608,0.002,0.33,0.607,0.608,0.606,0.605,0.609,0.604,239959500,145555692
97,sz159864,光伏50ETF,0.444,-0.002,-0.448,0.443,0.444,0.446,0.451,0.452,0.442,32535900,14478556
98,sz159863,光伏ETF基金,0.455,-0.003,-0.655,0.455,0.456,0.458,0.462,0.462,0.453,15103601,6906721
99,sz159862,食品ETF,0.658,0.0,0.0,0.658,0.659,0.658,0.657,0.661,0.656,2534500,1668835
100,sz159861,碳中和50ETF,0.817,-0.006,-0.729,0.815,0.817,0.823,0.823,0.824,0.815,10369902,8493516
101,sz159859,生物医药ETF,0.38,0.001,0.264,0.38,0.381,0.379,0.38,0.383,0.376,407503400,154822797
102,sz159858,创新药ETF南方,0.646,0.003,0.467,0.645,0.646,0.643,0.644,0.65,0.639,14898700,9615212
103,sz159857,光伏ETF,0.58,-0.004,-0.685,0.579,0.58,0.584,0.59,0.591,0.578,213144100,124180912
104,sz159856,互联网龙头ETF,0.714,-0.001,-0.14,0.713,0.714,0.715,0.719,0.723,0.707,7148100,5104940
105,sz159855,影视ETF,0.877,-0.008,-0.904,0.876,0.877,0.885,0.885,0.886,0.877,6719600,5917132
106,sz159852,软件ETF,0.79,0.0,0.0,0.789,0.79,0.79,0.788,0.802,0.782,228277900,180838628
107,sz159851,金融科技ETF,1.632,0.023,1.429,1.631,1.632,1.609,1.614,1.672,1.59,953052900,1554668548
108,sz159850,恒生国企ETF,0.875,-0.003,-0.342,0.874,0.875,0.878,0.875,0.882,0.867,51745400,45195748
109,sz159849,生物科技指数ETF,0.505,0.005,1.0,0.504,0.505,0.5,0.504,0.507,0.501,3270901,1647427
110,sz159848,证券ETF基金,0.9,-0.002,-0.222,0.9,0.901,0.902,0.902,0.916,0.894,18498000,16870065
111,sz159847,医疗ETF易方达,0.387,0.0,0.0,0.386,0.387,0.387,0.387,0.39,0.386,43844500,16996082
112,sz159845,中证1000ETF,2.594,-0.01,-0.384,2.593,2.594,2.604,2.601,2.619,2.582,91322054,237374005
113,sz159843,食品饮料ETF,0.636,0.001,0.157,0.635,0.636,0.635,0.635,0.638,0.633,20441311,12991002
114,sz159842,券商ETF,1.071,-0.002,-0.186,1.07,1.071,1.073,1.07,1.092,1.063,258163707,277970942
115,sz159841,证券ETF,1.025,0.0,0.0,1.025,1.026,1.025,1.023,1.044,1.017,269498300,277249019
116,sz159840,锂电池ETF,0.562,-0.008,-1.404,0.561,0.562,0.57,0.57,0.571,0.561,50537800,28552360
117,sz159839,生物药ETF,0.356,0.002,0.565,0.355,0.356,0.354,0.353,0.358,0.352,68665409,24405384
118,sz159838,医药50ETF,0.567,0.001,0.177,0.566,0.567,0.566,0.566,0.571,0.565,11807000,6715598
119,sz159837,生物科技ETF,0.484,0.004,0.833,0.484,0.485,0.48,0.481,0.488,0.48,65904920,31909401
120,sz159836,创业板300ETF天弘,0.853,-0.004,-0.467,0.852,0.86,0.857,0.854,0.863,0.85,757700,648462
121,sz159835,创新药50ETF,0.635,0.003,0.475,0.635,0.636,0.632,0.633,0.641,0.629,7527800,4779617
122,sz159834,金ETF,7.725,-0.04,-0.515,7.725,7.726,7.765,7.735,7.742,7.694,4052400,31265449
123,sz159831,上海金ETF嘉实,7.482,-0.034,-0.452,7.475,7.482,7.516,7.471,7.489,7.455,2688300,20093190
124,sz159830,上海金ETF,7.707,-0.045,-0.58,7.707,7.708,7.752,7.696,7.716,7.678,1802200,13869509
125,sz159828,医疗ETF,0.409,-0.001,-0.244,0.409,0.41,0.41,0.41,0.413,0.408,95463300,39176330
126,sz159827,农业50ETF,0.785,0.0,0.0,0.785,0.787,0.785,0.782,0.787,0.78,1252008,980855
127,sz159825,农业ETF,0.729,-0.003,-0.41,0.729,0.73,0.732,0.731,0.732,0.725,55302400,40286724
128,sz159824,新能车ETF,0.838,-0.012,-1.412,0.838,0.839,0.85,0.85,0.85,0.837,1761016,1477258
129,sz159822,新经济ETF,0.661,-0.004,-0.602,0.66,0.661,0.665,0.663,0.667,0.658,192091700,127191842
130,sz159821,BOCI创业板ETF,0.809,-0.004,-0.492,0.808,0.809,0.813,0.81,0.819,0.808,1109100,899512
131,sz159820,中证500ETF天弘,0.997,-0.001,-0.1,0.996,0.997,0.998,0.996,1.005,0.991,7286400,7266233
132,sz159819,人工智能ETF,0.947,-0.003,-0.316,0.946,0.947,0.95,0.951,0.958,0.944,346671491,329296072
133,sz159816,0-4地债ETF,113.886,0.041,0.036,113.88,113.888,113.845,113.862,114.501,113.83,23425400,2667522255
134,sz159814,创业大盘ETF,0.422,-0.001,-0.236,0.421,0.422,0.423,0.424,0.428,0.421,122603200,52067513
135,sz159813,半导体ETF,0.769,-0.001,-0.13,0.768,0.769,0.77,0.77,0.78,0.761,359861600,277122127
136,sz159812,黄金基金ETF,7.382,-0.038,-0.512,7.381,7.382,7.42,7.375,7.395,7.348,1095100,8069918
137,sz159811,5G50ETF,1.319,-0.001,-0.076,1.318,1.319,1.32,1.32,1.331,1.302,3321103,4390907
138,sz159810,创业板ETF浦银,0.869,-0.002,-0.23,0.867,0.869,0.871,0.871,0.88,0.863,1926700,1678139
139,sz159808,创100ETF融通,0.823,-0.002,-0.242,0.822,0.823,0.825,0.824,0.834,0.821,3602300,2969014
140,sz159807,科技ETF,0.501,-0.001,-0.199,0.5,0.501,0.502,0.503,0.506,0.499,71460174,35939559
141,sz159806,新能源车ETF,0.546,-0.007,-1.266,0.545,0.546,0.553,0.551,0.553,0.544,18028100,9867279
142,sz159805,传媒ETF,1.2,0.012,1.01,1.199,1.2,1.188,1.19,1.208,1.182,17234500,20574513
143,sz159804,创中盘88ETF,1.207,-0.006,-0.495,1.202,1.22,1.213,1.205,1.219,1.185,63700,77024
144,sz159801,芯片ETF龙头,0.595,-0.002,-0.335,0.595,0.596,0.597,0.598,0.605,0.591,93378400,55773120
145,sz159800,中证800ETF,1.18,0.004,0.34,1.177,1.18,1.176,1.176,1.188,1.176,871800,1029638
146,sz159798,消费ETF易方达,0.926,0.002,0.216,0.925,0.926,0.924,0.925,0.93,0.922,6539500,6047132
147,sz159797,医疗器械ETF基金,0.747,0.003,0.403,0.747,0.748,0.744,0.762,0.762,0.745,8319000,6227480
148,sz159796,电池50ETF,0.584,-0.01,-1.684,0.583,0.584,0.594,0.593,0.593,0.582,60248600,35284160
149,sz159795,智能汽车ETF基金,0.898,-0.005,-0.554,0.898,0.9,0.903,0.896,0.908,0.894,3507309,3153423
150,sz159793,线上消费ETF基金,0.913,0.003,0.33,0.909,0.914,0.91,0.91,0.921,0.901,202503,184469
151,sz159792,港股通互联网ETF,0.852,-0.007,-0.815,0.852,0.853,0.859,0.854,0.865,0.841,3642433500,3104403175
152,sz159791,300ESGETF,0.955,0.004,0.421,0.955,0.958,0.951,0.951,0.961,0.951,1840900,1760090
153,sz159790,碳中和ETF,0.567,-0.001,-0.176,0.567,0.568,0.568,0.57,0.572,0.565,102295952,58132042
154,sz159788,港股通100ETF,1.274,-0.004,-0.313,1.273,1.274,1.278,1.276,1.283,1.265,21992900,27980800
155,sz159787,建材ETF易方达,0.629,-0.004,-0.632,0.63,0.632,0.633,0.628,0.633,0.628,547400,345739
156,sz159786,VRETF,0.892,-0.007,-0.779,0.891,0.892,0.899,0.898,0.9,0.887,7021300,6282978
157,sz159783,科创创业50ETF,0.559,-0.002,-0.357,0.558,0.559,0.561,0.559,0.565,0.557,51405261,28853333
158,sz159782,双创50ETF,0.557,-0.001,-0.179,0.557,0.558,0.558,0.558,0.564,0.556,15297405,8563319
159,sz159781,科创创业ETF,0.552,-0.003,-0.541,0.552,0.553,0.555,0.554,0.56,0.552,118788208,65951409
160,sz159780,双创ETF,0.557,-0.002,-0.358,0.556,0.557,0.559,0.559,0.564,0.555,61863510,34590317
161,sz159779,消费电子50ETF,0.762,-0.006,-0.781,0.762,0.763,0.768,0.769,0.77,0.76,10490500,8028411
162,sz159778,工业互联ETF,0.831,-0.003,-0.36,0.829,0.841,0.834,0.831,0.841,0.829,761500,635233
163,sz159777,创科技ETF,0.698,-0.001,-0.143,0.692,0.697,0.699,0.699,0.702,0.692,2711200,1890496
164,sz159776,港股通医药ETF,1.152,0.001,0.087,1.151,1.152,1.151,1.161,1.177,1.136,117441600,135515619
165,sz159775,新能源车电池ETF,0.589,-0.007,-1.174,0.587,0.589,0.596,0.596,0.596,0.587,2119400,1252446
166,sz159773,创业板科技ETF,0.721,-0.008,-1.097,0.72,0.721,0.729,0.728,0.732,0.72,4982000,3608064
167,sz159770,机器人ETF,0.862,-0.009,-1.033,0.861,0.862,0.871,0.869,0.87,0.859,172730900,149160916
168,sz159768,房地产ETF,0.523,-0.002,-0.381,0.523,0.524,0.525,0.525,0.526,0.522,33478500,17534737
169,sz159767,电池龙头ETF,0.573,-0.005,-0.865,0.573,0.575,0.578,0.579,0.58,0.57,5037400,2886215
170,sz159766,旅游ETF,0.669,-0.002,-0.298,0.669,0.67,0.671,0.671,0.673,0.669,167396500,112265465
171,sz159763,新材料ETF基金,0.479,-0.002,-0.416,0.478,0.479,0.481,0.478,0.484,0.477,249000,119416
172,sz159761,新材料50ETF,0.516,0.0,0.0,0.514,0.516,0.516,0.516,0.521,0.512,18779101,9674348
173,sz159760,医疗健康ETF泰康,0.598,0.005,0.843,0.598,0.599,0.593,0.593,0.603,0.592,1183136,705889
174,sz159758,红利质量ETF,0.948,0.0,0.0,0.948,0.949,0.948,0.948,0.954,0.943,7372900,6980000
175,sz159757,电池30ETF,0.581,-0.007,-1.19,0.58,0.581,0.588,0.588,0.589,0.578,37191800,21738904
176,sz159755,电池ETF,0.7,-0.011,-1.547,0.7,0.701,0.711,0.711,0.712,0.7,587613200,414498542
177,sz159752,新能源龙头ETF,0.458,-0.004,-0.866,0.457,0.458,0.462,0.461,0.465,0.457,7416200,3404891
178,sz159751,港股科技ETF,1.02,-0.004,-0.391,1.02,1.021,1.024,1.021,1.032,1.007,148592317,151487532
179,sz159750,港股科技50ETF,0.998,-0.007,-0.697,0.997,0.998,1.005,1.0,1.01,0.988,97616800,97482888
180,sz159748,创新药ETF富国,0.706,0.007,1.001,0.706,0.707,0.699,0.699,0.71,0.693,70990201,49760043
181,sz159747,香港科技ETF,1.359,-0.009,-0.658,1.359,1.36,1.368,1.361,1.379,1.346,72748600,99080700
182,sz159745,建材ETF,0.578,-0.003,-0.516,0.578,0.579,0.581,0.578,0.583,0.578,41240750,23929114
183,sz159743,湖北ETF,0.946,-0.009,-0.942,0.946,0.956,0.955,0.951,0.957,0.946,49700,47213
184,sz159742,恒生科技指数ETF,0.709,-0.004,-0.561,0.708,0.709,0.713,0.708,0.719,0.7,389100600,275290665
185,sz159741,恒生科技ETF嘉实,0.689,-0.004,-0.577,0.689,0.69,0.693,0.689,0.699,0.68,191901900,132098252
186,sz159740,恒生科技ETF,0.693,-0.004,-0.574,0.693,0.694,0.697,0.693,0.702,0.685,2385834201,1652916646
187,sz159739,大数据ETF,1.122,0.004,0.358,1.119,1.122,1.118,1.116,1.133,1.115,16424100,18466870
188,sz159738,云计算ETF华泰柏瑞,1.212,-0.002,-0.165,1.211,1.212,1.214,1.214,1.23,1.211,15404800,18799854
189,sz159736,食品饮料ETF天弘,0.692,0.0,0.0,0.691,0.692,0.692,0.692,0.694,0.688,9794000,6769092
190,sz159735,港股消费ETF,0.795,-0.006,-0.749,0.795,0.796,0.801,0.796,0.802,0.789,102417100,81507017
191,sz159732,消费电子ETF,0.819,-0.008,-0.967,0.818,0.819,0.827,0.827,0.827,0.816,188170099,154358024
192,sz159731,石化ETF,0.674,-0.003,-0.443,0.672,0.674,0.677,0.676,0.676,0.671,526600,354972
193,sz159730,龙头家电ETF,0.973,-0.002,-0.205,0.975,0.976,0.975,0.975,0.978,0.971,2551500,2482758
194,sz159729,互联网ETF,0.848,-0.001,-0.118,0.848,0.849,0.849,0.85,0.858,0.838,1403300,1192486
195,sz159728,在线消费ETF,0.85,0.002,0.236,0.849,0.857,0.848,0.848,0.858,0.841,6926100,5880806
196,sz159726,恒生红利ETF,1.228,-0.002,-0.163,1.228,1.229,1.23,1.23,1.234,1.223,15548300,19093213
197,sz159725,线上消费ETF,0.842,0.006,0.718,0.842,0.844,0.836,0.832,0.852,0.828,3328200,2817512
198,sz159723,科技龙头ETF,0.874,-0.007,-0.795,0.874,0.877,0.881,0.874,0.883,0.87,1458200,1277266
199,sz159721,深证100ETF永赢,0.789,-0.001,-0.127,0.789,0.79,0.79,0.787,0.797,0.787,1162600,917591
200,sz159720,智能车ETF泰康,0.638,-0.004,-0.623,0.636,0.638,0.642,0.642,0.645,0.635,2776100,1776981
201,sz159719,国企共赢ETF,1.547,0.006,0.389,1.547,1.548,1.541,1.541,1.55,1.54,4882500,7549184
202,sz159718,港股医药ETF,0.864,0.001,0.116,0.864,0.865,0.863,0.859,0.874,0.85,132072600,113808064
203,sz159717,ESGETF,0.893,0.004,0.45,0.89,0.893,0.889,0.89,0.899,0.888,240600,214215
204,sz159716,深创100ETF,0.812,-0.002,-0.246,0.811,0.812,0.814,0.813,0.822,0.81,723900,591381
205,sz159715,稀土ETF易方达,0.762,-0.01,-1.295,0.761,0.762,0.772,0.769,0.77,0.759,10083701,7699958
206,sz159713,稀土ETF,0.836,-0.012,-1.415,0.835,0.836,0.848,0.848,0.848,0.832,28659500,23994783
207,sz159712,港股通50ETF,1.178,-0.011,-0.925,1.178,1.179,1.189,1.186,1.191,1.173,18185600,21472702
208,sz159711,港股通ETF,1.277,-0.006,-0.468,1.273,1.277,1.283,1.282,1.282,1.265,7305100,9297326
209,sz159709,物联网ETF工银,0.926,-0.003,-0.323,0.924,0.935,0.929,0.93,0.935,0.924,71401,66231
210,sz159708,红利ETF,0.785,0.002,0.255,0.785,0.787,0.783,0.783,0.79,0.782,32363900,25448239
211,sz159707,地产ETF,0.583,-0.002,-0.342,0.583,0.584,0.585,0.583,0.586,0.581,27691000,16165828
212,sz159706,深证100ETF华安,0.704,0.001,0.142,0.7,0.706,0.703,0.7,0.708,0.7,4476400,3148409
213,sz159703,新材料ETF,0.598,0.001,0.168,0.596,0.598,0.597,0.598,0.603,0.593,7376000,4413705
214,sz159701,物联网ETF招商,0.8,-0.005,-0.621,0.799,0.802,0.805,0.801,0.807,0.799,1171900,942770
215,sz159699,恒生消费ETF,1.03,-0.002,-0.194,1.029,1.03,1.032,1.027,1.033,1.02,126556104,130076631
216,sz159698,粮食ETF,0.897,-0.002,-0.222,0.897,0.898,0.899,0.899,0.901,0.893,12524601,11236427
217,sz159697,油气ETF,1.003,-0.003,-0.298,1.002,1.003,1.006,1.006,1.006,1.001,3609700,3620818
218,sz159696,纳指ETF易方达,1.514,0.006,0.398,1.513,1.514,1.508,1.521,1.521,1.514,32450692,49231155
219,sz159695,通信ETF,1.272,-0.015,-1.166,1.272,1.275,1.287,1.286,1.288,1.271,6900507,8819788
220,sz159692,证券ETF东财,1.241,-0.002,-0.161,1.24,1.241,1.243,1.243,1.262,1.232,27755000,34688033
221,sz159691,港股红利ETF,1.2,-0.007,-0.58,1.2,1.201,1.207,1.202,1.209,1.196,195170457,234545972
222,sz159690,矿业ETF,1.142,-0.014,-1.211,1.142,1.143,1.156,1.15,1.153,1.136,265600,302730
223,sz159689,消费ETF南方,0.757,0.001,0.132,0.756,0.757,0.756,0.762,0.762,0.754,818700,620458
224,sz159688,恒生互联网ETF,0.973,0.0,0.0,0.972,0.973,0.973,0.968,0.99,0.96,179487300,174785273
225,sz159687,亚太精选ETF,1.4,-0.005,-0.356,1.399,1.4,1.405,1.406,1.406,1.398,28928600,40525217
226,sz159686,A100ETF易方达,1.049,0.003,0.287,1.049,1.055,1.046,1.045,1.059,1.045,440103,462212
227,sz159685,1000增强ETF天弘,1.108,-0.004,-0.36,1.107,1.108,1.112,1.111,1.119,1.105,1286400,1429232
228,sz159682,创业50ETF,0.939,-0.003,-0.318,0.939,0.94,0.942,0.941,0.955,0.939,149485200,141032645
229,sz159681,创50ETF,0.953,-0.001,-0.105,0.953,0.954,0.954,0.953,0.966,0.95,69828800,66625393
230,sz159680,1000ETF增强,1.276,-0.009,-0.7,1.275,1.276,1.285,1.285,1.287,1.272,19451293,24885062
231,sz159679,中证1000增强ETF,1.046,-0.004,-0.381,1.044,1.046,1.05,1.05,1.055,1.043,4041800,4234453
232,sz159678,中证500增强ETF,1.099,0.0,0.0,1.091,1.099,1.099,1.103,1.105,1.092,1818000,1992682
233,sz159677,1000增强ETF,1.135,-0.004,-0.351,1.133,1.137,1.139,1.135,1.144,1.133,11153000,12667426
234,sz159676,创业板增强ETF富国,0.952,-0.007,-0.73,0.951,0.952,0.959,0.96,0.965,0.951,8146319,7803754
235,sz159675,创业板增强ETF,0.895,-0.007,-0.776,0.895,0.896,0.902,0.902,0.908,0.894,5326900,4793050
236,sz159673,沪深300ETF鹏华,1.076,0.006,0.561,1.076,1.077,1.07,1.069,1.085,1.069,68932500,74152670
237,sz159672,主要消费ETF,0.757,0.002,0.265,0.756,0.757,0.755,0.755,0.759,0.752,1760300,1329569
238,sz159671,稀有金属ETF基金,0.754,-0.013,-1.695,0.753,0.754,0.767,0.768,0.768,0.751,13909868,10502045
239,sz159670,消费ETF基金,0.944,-0.001,-0.106,0.944,0.947,0.945,0.941,0.947,0.937,2285400,2153695
240,sz159669,绿电ETF,1.061,0.007,0.664,1.061,1.062,1.054,1.055,1.066,1.055,1693100,1798996
241,sz159667,工业母机ETF,1.115,-0.014,-1.24,1.115,1.116,1.129,1.128,1.128,1.113,29437874,32940584
242,sz159666,交通运输ETF,0.985,0.001,0.102,0.985,0.991,0.984,0.985,0.991,0.985,4019400,3967538
243,sz159665,半导体龙头ETF,1.231,-0.002,-0.162,1.23,1.231,1.233,1.232,1.249,1.221,14758900,18190979
244,sz159663,机床ETF,1.105,-0.012,-1.074,1.104,1.105,1.117,1.12,1.12,1.102,10314206,11429813
245,sz159662,交运ETF,1.012,0.0,0.0,1.012,1.013,1.012,1.012,1.017,1.011,3638200,3688113
246,sz159661,A100ETF嘉实,1.164,0.001,0.086,1.164,1.168,1.163,1.161,1.174,1.161,1247900,1458026
247,sz159660,纳指100ETF,1.781,0.009,0.508,1.78,1.781,1.772,1.785,1.786,1.78,32308800,57598513
248,sz159659,纳斯达克100ETF,1.757,0.009,0.515,1.757,1.758,1.748,1.761,1.763,1.757,72069500,126827097
249,sz159658,数字经济ETF,1.188,-0.001,-0.084,1.188,1.189,1.189,1.196,1.205,1.179,6234400,7444198
250,sz159657,生物疫苗ETF,0.645,0.002,0.311,0.643,0.645,0.643,0.648,0.649,0.64,2794768,1801827
251,sz159656,300成长ETF,0.868,0.001,0.115,0.867,0.868,0.867,0.867,0.875,0.865,14589200,12669433
252,sz159655,标普ETF,1.625,0.006,0.371,1.624,1.625,1.619,1.628,1.632,1.623,48476000,78889915
253,sz159653,ESG300ETF,1.003,0.005,0.501,1.0,1.003,0.998,0.996,1.008,0.996,254600,255344
254,sz159652,有色50ETF,0.999,-0.01,-0.991,0.997,0.999,1.009,1.004,1.006,0.99,33520728,33391612
255,sz159651,国开债券ETF,106.291,0.018,0.017,106.29,106.292,106.273,106.279,106.294,106.279,1152700,122518701
256,sz159650,国开ETF,106.993,0.027,0.025,106.991,106.996,106.966,106.969,106.996,106.969,22023800,2356317653
257,sz159649,国开债ETF,108.211,0.026,0.024,108.192,108.211,108.185,108.203,108.212,108.167,4807100,520081726
258,sz159647,中药ETF,0.985,-0.001,-0.101,0.984,0.985,0.986,0.988,0.988,0.98,20718600,20378952
259,sz159645,疫苗ETF富国,0.667,0.0,0.0,0.667,0.671,0.667,0.671,0.672,0.664,1014200,678321
260,sz159643,疫苗ETF,0.59,0.0,0.0,0.589,0.59,0.59,0.59,0.595,0.586,3868800,2288139
261,sz159642,碳中和100ETF,0.777,-0.001,-0.129,0.774,0.781,0.778,0.776,0.782,0.775,2715900,2119631
262,sz159641,双碳ETF,0.812,-0.001,-0.123,0.808,0.811,0.813,0.813,0.817,0.809,32279618,26230417
263,sz159640,碳中和龙头ETF,0.764,-0.003,-0.391,0.764,0.765,0.767,0.768,0.77,0.763,2278401,1744859
264,sz159639,碳中和ETF南方,0.774,-0.002,-0.258,0.773,0.774,0.776,0.775,0.779,0.771,15147255,11741052
265,sz159638,高端装备ETF,0.836,-0.002,-0.239,0.835,0.836,0.838,0.836,0.845,0.828,44974216,37546047
266,sz159637,新能源车龙头ETF,0.62,-0.009,-1.431,0.62,0.621,0.629,0.629,0.629,0.619,13397801,8338622
267,sz159636,港股通科技30ETF,1.267,-0.01,-0.783,1.267,1.268,1.277,1.268,1.284,1.252,674480470,855197691
268,sz159635,基建50ETF,1.008,-0.001,-0.099,1.007,1.009,1.009,1.007,1.013,1.006,4874700,4923312
269,sz159633,中证1000ETF易方达,2.614,-0.007,-0.267,2.613,2.614,2.621,2.618,2.638,2.601,30137106,78851605
270,sz159632,纳斯达克ETF,1.852,0.009,0.488,1.852,1.853,1.843,1.858,1.86,1.852,66465800,123418111
271,sz159631,中证A100ETF,1.032,0.005,0.487,1.029,1.032,1.027,1.026,1.038,1.026,7001407,7221157
272,sz159630,A100ETF基金,1.126,-0.01,-0.88,1.126,1.138,1.136,1.18,1.182,1.125,2139300,2425162
273,sz159629,1000ETF,2.585,-0.01,-0.385,2.583,2.585,2.595,2.59,2.61,2.573,50974186,131688215
274,sz159628,国证2000ETF,1.103,-0.005,-0.451,1.103,1.104,1.108,1.108,1.114,1.098,56361600,62306497
275,sz159627,A100ETF,1.08,0.003,0.279,1.079,1.088,1.077,1.076,1.089,1.074,3187100,3444331
276,sz159625,绿色电力ETF,1.157,0.008,0.696,1.157,1.158,1.149,1.149,1.161,1.149,15415101,17847539
277,sz159623,成渝经济圈ETF,0.831,0.0,0.0,0.831,0.838,0.831,0.832,0.837,0.83,9556501,7966663
278,sz159622,创新药ETF沪港深,1.006,0.009,0.903,1.005,1.006,0.997,0.998,1.014,0.991,18328300,18392264
279,sz159621,MSCIESGETF,1.015,0.004,0.396,1.005,1.016,1.011,1.012,1.022,1.01,5592577,5665211
280,sz159620,500成长ETF,0.97,0.0,0.0,0.965,0.98,0.97,0.972,0.976,0.966,2310600,2243047
281,sz159619,基建ETF,0.952,-0.002,-0.21,0.952,0.953,0.954,0.951,0.958,0.951,6029209,5749370
282,sz159618,光伏ETF指数基金,0.545,-0.003,-0.547,0.545,0.546,0.548,0.551,0.555,0.543,4262100,2330093
283,sz159617,500价值ETF,1.162,-0.003,-0.258,1.163,1.166,1.165,1.163,1.17,1.162,415400,484519
284,sz159616,农牧ETF,0.748,-0.004,-0.532,0.748,0.75,0.752,0.752,0.752,0.746,9548962,7143718
285,sz159615,恒生生物科技ETF,1.085,0.0,0.0,1.084,1.085,1.085,1.082,1.1,1.071,150716307,163537266
286,sz159613,信息安全ETF,0.882,0.001,0.114,0.881,0.882,0.881,0.881,0.891,0.875,2198200,1943390
287,sz159612,标普500ETF,1.867,-0.006,-0.32,1.867,1.868,1.873,1.885,1.89,1.865,230995800,433612269
288,sz159611,电力ETF,0.989,0.007,0.713,0.989,0.99,0.982,0.982,0.993,0.981,233977400,231541165
289,sz159610,500ETF增强,0.885,0.004,0.454,0.882,0.885,0.881,0.873,0.893,0.873,12403882,10986916
290,sz159609,光伏龙头ETF,0.398,-0.002,-0.5,0.397,0.398,0.4,0.405,0.405,0.396,61737000,24651618
291,sz159608,稀有金属ETF,0.622,-0.011,-1.738,0.622,0.623,0.633,0.635,0.635,0.619,23828501,14852044
292,sz159607,中概互联网ETF,1.028,-0.007,-0.676,1.028,1.029,1.035,1.03,1.041,1.02,166586900,171559870
293,sz159606,中证500成长ETF,0.948,0.002,0.211,0.948,0.949,0.946,0.947,0.956,0.946,14346502,13621640
294,sz159605,中概互联ETF,1.035,-0.005,-0.481,1.035,1.036,1.04,1.034,1.046,1.026,462831404,479036663
295,sz159603,双创龙头ETF,0.857,-0.003,-0.349,0.856,0.857,0.86,0.859,0.867,0.856,5779800,4980366
296,sz159602,中国A50ETF,0.835,0.005,0.602,0.834,0.835,0.83,0.83,0.842,0.829,16647510,13912729
297,sz159601,A50ETF,0.849,0.005,0.592,0.849,0.85,0.844,0.845,0.857,0.843,68903825,58565887
298,sz159599,芯片ETF基金,1.436,-0.003,-0.208,1.435,1.436,1.439,1.439,1.457,1.425,10724300,15414158
299,sz159597,创业板成长ETF易方达,1.255,-0.005,-0.397,1.255,1.257,1.26,1.26,1.272,1.255,1395800,1764636
300,sz159596,A50ETF华宝,1.131,0.006,0.533,1.13,1.131,1.125,1.123,1.14,1.122,85314700,96196027
301,sz159595,中证A50ETF基金,1.168,0.005,0.43,1.167,1.169,1.163,1.163,1.178,1.159,165476467,192918382
302,sz159593,中证A50指数ETF,1.168,0.005,0.43,1.167,1.168,1.163,1.165,1.178,1.159,207651860,242232821
303,sz159592,A50ETF基金,1.148,0.005,0.437,1.148,1.15,1.143,1.142,1.157,1.14,71472405,82012531
304,sz159591,中证A50ETF,1.161,0.005,0.433,1.16,1.161,1.156,1.156,1.17,1.153,46301015,53727284
305,sz159590,软件50ETF,1.057,0.008,0.763,1.055,1.057,1.049,1.05,1.073,1.041,14441903,15283643
306,sz159589,红利ETF广发,1.066,0.004,0.377,1.066,1.067,1.062,1.064,1.072,1.064,2623900,2805211
307,sz159588,石油天然气ETF,0.942,0.0,0.0,0.942,0.943,0.942,0.943,0.944,0.939,7251100,6822866
308,sz159587,粮食ETF广发,1.157,-0.001,-0.086,1.157,1.159,1.158,1.157,1.161,1.152,2975200,3443838
309,sz159586,计算机ETF南方,1.232,0.003,0.244,1.232,1.235,1.229,1.229,1.252,1.218,10038277,12442359
310,sz159583,通信设备ETF,1.249,-0.018,-1.421,1.248,1.249,1.267,1.256,1.271,1.246,7107101,8922072
311,sz159582,半导体产业ETF,1.422,0.014,0.994,1.421,1.422,1.408,1.408,1.447,1.398,15023000,21378919
312,sz159581,红利ETF基金,1.05,0.006,0.575,1.049,1.05,1.044,1.043,1.054,1.043,31732200,33330566
313,sz159578,深证主板50ETF南方,1.078,-0.002,-0.185,1.078,1.085,1.08,1.093,1.095,1.069,171300,184946
314,sz159577,美国50ETF,1.299,0.007,0.542,1.299,1.3,1.292,1.302,1.307,1.298,42186800,54954252
315,sz159576,深证100ETF广发,1.168,0.0,0.0,1.168,1.169,1.168,1.165,1.178,1.164,4939900,5776827
316,sz159575,创业板200ETF银华,1.225,-0.007,-0.568,1.221,1.236,1.232,1.227,1.247,1.218,839700,1029843
317,sz159573,创业板200ETF华夏,1.23,-0.011,-0.886,1.23,1.231,1.241,1.235,1.248,1.226,11648400,14388717
318,sz159572,创业板200ETF易方达,1.23,-0.009,-0.726,1.229,1.23,1.239,1.237,1.246,1.223,13537100,16719325
319,sz159571,创业板200ETF富国,1.248,-0.01,-0.795,1.248,1.26,1.258,1.254,1.265,1.243,697900,873902
320,sz159570,港股通创新药ETF,1.607,0.016,1.006,1.607,1.608,1.591,1.585,1.625,1.576,1684230900,2699503621
321,sz159569,港股红利低波ETF,1.284,0.0,0.0,1.283,1.284,1.284,1.28,1.291,1.276,53369200,68617509
322,sz159568,港股互联网ETF,1.668,-0.011,-0.655,1.667,1.668,1.679,1.668,1.69,1.649,71205200,118905237
323,sz159567,港股创新药ETF,1.595,0.015,0.949,1.594,1.595,1.58,1.58,1.614,1.56,1478540200,2349568649
324,sz159566,储能电池ETF,1.327,-0.016,-1.191,1.327,1.328,1.343,1.343,1.348,1.325,3485100,4649276
325,sz159565,汽车零部件ETF,1.207,-0.007,-0.577,1.206,1.207,1.214,1.215,1.215,1.203,1274800,1540715
326,sz159563,创业板综ETF华夏,1.369,-0.007,-0.509,1.363,1.37,1.376,1.359,1.384,1.359,963819,1321926
327,sz159562,黄金股ETF,1.628,-0.016,-0.973,1.628,1.629,1.644,1.63,1.639,1.613,15921396,25866895
328,sz159561,德国ETF,1.365,-0.008,-0.583,1.364,1.365,1.373,1.372,1.373,1.364,47805200,65387118
329,sz159560,芯片50ETF,1.161,-0.001,-0.086,1.161,1.162,1.162,1.163,1.178,1.149,3623100,4212950
330,sz159559,机器人50ETF,1.125,-0.012,-1.055,1.124,1.125,1.137,1.137,1.137,1.121,19942200,22495338
331,sz159558,半导体设备ETF易方达,1.224,0.01,0.824,1.224,1.227,1.214,1.21,1.246,1.2,5315100,6531517
332,sz159557,恒生医疗ETF嘉实,1.466,0.0,0.0,1.466,1.467,1.466,1.466,1.483,1.441,29172900,42668113
333,sz159556,中证2000ETF增强,1.031,-0.007,-0.674,1.029,1.031,1.038,1.038,1.039,1.028,1001100,1034344
334,sz159555,2000增强ETF,1.334,-0.017,-1.258,1.333,1.334,1.351,1.348,1.353,1.331,3301700,4416956
335,sz159553,2000ETF增强,1.461,-0.018,-1.217,1.461,1.464,1.479,1.492,1.5,1.454,1367100,2005925
336,sz159552,中证2000增强ETF,1.684,-0.022,-1.29,1.682,1.684,1.706,1.705,1.706,1.68,18223500,30815154
337,sz159551,机器人产业ETF,1.073,-0.011,-1.015,1.072,1.073,1.084,1.085,1.086,1.07,11769900,12659683
338,sz159550,互联网ETF沪港深,0.981,-0.002,-0.203,0.98,0.981,0.983,0.98,0.992,0.972,4942447,4851852
339,sz159549,红利低波ETF天弘,1.178,0.006,0.512,1.178,1.18,1.172,1.171,1.182,1.171,5421000,6387377
340,sz159547,红利低波ETF基金,1.251,0.012,0.969,1.249,1.251,1.239,1.239,1.255,1.239,11863100,14814368
341,sz159546,集成电路ETF,1.289,-0.01,-0.77,1.289,1.29,1.299,1.299,1.309,1.282,4312000,5577060
342,sz159545,恒生红利低波ETF,1.399,-0.002,-0.143,1.398,1.399,1.401,1.401,1.405,1.392,103721600,145095668
343,sz159543,国证2000ETF基金,1.085,0.001,0.092,1.075,1.084,1.084,1.078,1.087,1.075,46200,50105
344,sz159542,工程机械ETF,1.145,-0.007,-0.608,1.14,1.148,1.152,1.145,1.15,1.139,944200,1079564
345,sz159541,创业板综ETF万家,1.177,-0.006,-0.507,1.175,1.177,1.183,1.183,1.19,1.174,10000700,11803077
346,sz159540,信创ETF易方达,1.19,-0.003,-0.251,1.19,1.191,1.193,1.193,1.208,1.183,17132795,20434819
347,sz159539,信创ETF广发,1.139,-0.002,-0.175,1.138,1.139,1.141,1.138,1.155,1.13,5942145,6774321
348,sz159538,信创ETF富国,1.164,0.0,0.0,1.163,1.164,1.164,1.161,1.178,1.154,17085700,19925801
349,sz159537,信创ETF,1.15,-0.003,-0.26,1.15,1.151,1.153,1.15,1.168,1.142,25597509,29528427
350,sz159536,中证2000指数ETF,1.2,-0.011,-0.908,1.199,1.2,1.211,1.209,1.217,1.196,8009400,9628486
351,sz159535,中证2000ETF嘉实,1.204,-0.008,-0.66,1.203,1.21,1.212,1.208,1.212,1.2,2274100,2741611
352,sz159533,中证2000ETF基金,1.459,0.001,0.069,1.442,1.461,1.458,1.451,1.459,1.441,1996500,2886035
353,sz159532,中证2000ETF易方达,1.268,-0.012,-0.938,1.268,1.272,1.28,1.279,1.282,1.267,11146200,14199274
354,sz159531,中证2000ETF,1.161,-0.009,-0.769,1.16,1.161,1.17,1.169,1.173,1.157,87780000,102163709
355,sz159530,机器人ETF易方达,1.248,-0.015,-1.188,1.247,1.248,1.263,1.265,1.266,1.244,87356515,109324136
356,sz159529,标普消费ETF,1.547,0.002,0.129,1.547,1.548,1.545,1.555,1.572,1.546,751817137,1170330376
357,sz159528,国企改革ETF,1.064,0.003,0.283,1.063,1.064,1.061,1.061,1.071,1.059,389400,415070
358,sz159527,云计算50ETF,1.482,-0.001,-0.067,1.482,1.483,1.483,1.483,1.5,1.48,633100,943855
359,sz159526,机器人ETF嘉实,1.216,-0.013,-1.058,1.215,1.216,1.229,1.23,1.23,1.213,13861700,16909014
360,sz159525,红利低波ETF,1.133,0.012,1.07,1.132,1.133,1.121,1.122,1.137,1.122,26700209,30219356
361,sz159523,沪深300成长ETF,1.059,0.003,0.284,1.055,1.059,1.056,1.054,1.067,1.052,3120200,3302320
362,sz159521,国证2000ETF指数基金,1.038,-0.006,-0.575,1.034,1.039,1.044,1.042,1.049,1.037,2396100,2496526
363,sz159520,消费龙头ETF,1.012,0.0,0.0,1.011,1.012,1.012,1.011,1.016,1.008,7093700,7175046
364,sz159519,港股国企ETF,1.559,-0.004,-0.256,1.556,1.559,1.563,1.565,1.568,1.545,12239700,19040276
365,sz159518,标普油气ETF,0.907,-0.005,-0.548,0.907,0.908,0.912,0.911,0.914,0.907,86401100,78640995
366,sz159517,800增强ETF,1.104,0.0,0.0,1.101,1.115,1.104,1.103,1.115,1.102,7256500,8039705
367,sz159516,半导体设备ETF,1.048,0.006,0.576,1.047,1.048,1.042,1.042,1.069,1.03,139091623,145942270
368,sz159515,国企红利ETF,1.129,0.008,0.714,1.129,1.131,1.121,1.122,1.131,1.122,1496102,1687858
369,sz159513,纳斯达克100指数ETF,1.37,0.006,0.44,1.37,1.371,1.364,1.374,1.375,1.37,34543400,47411293
370,sz159512,汽车ETF,1.389,0.0,0.0,1.388,1.389,1.389,1.389,1.4,1.384,7003900,9761999
371,sz159511,通信ETF南方,1.133,-0.002,-0.176,1.133,1.141,1.135,1.128,1.143,1.128,7304600,8302827
372,sz159510,沪深300价值ETF,1.151,0.011,0.965,1.151,1.152,1.14,1.144,1.156,1.142,2620100,3007629
373,sz159509,纳指科技ETF,1.664,0.0,0.0,1.664,1.665,1.664,1.679,1.679,1.663,703048602,1175073656
374,sz159508,生物医药ETF基金,0.793,0.003,0.38,0.793,0.795,0.79,0.79,0.8,0.787,5457500,4331549
375,sz159507,电信ETF,1.166,-0.013,-1.103,1.166,1.168,1.179,1.175,1.18,1.165,1525700,1783218
376,sz159506,港股通医疗ETF富国,1.314,0.005,0.382,1.313,1.314,1.309,1.309,1.336,1.293,710857800,932888318
377,sz159505,国证2000指数ETF,1.155,-0.008,-0.688,1.138,1.155,1.163,1.163,1.17,1.155,986100,1142284
378,sz159502,标普生物科技ETF,0.903,-0.003,-0.331,0.903,0.904,0.906,0.906,0.907,0.902,52686300,47659697
379,sz159501,纳指ETF嘉实,1.531,0.008,0.525,1.53,1.531,1.523,1.535,1.536,1.531,68870500,105603727
380,sz159399,现金流ETF,1.037,0.001,0.097,1.036,1.037,1.036,1.035,1.041,1.03,241521603,250095691
381,sz159398,信用债ETF天弘,101.224,0.07,0.069,101.223,101.224,101.154,101.154,101.233,101.154,30571625,3094560982
382,sz159397,信用债ETF广发,101.189,0.079,0.078,101.179,101.191,101.11,101.123,101.197,101.103,36374620,3680166042
383,sz159396,信用债ETF博时,101.321,0.085,0.084,101.321,101.322,101.236,101.268,101.345,101.268,52885409,5358329138
384,sz159395,信用债ETF大成,101.441,0.061,0.06,101.441,101.452,101.38,101.398,101.475,101.398,21746100,2206027854
385,sz159393,沪深300指数ETF,4.026,0.016,0.399,4.024,4.026,4.01,4.007,4.06,3.999,7865147,31672318
386,sz159392,航空ETF,1.04,-0.011,-1.047,1.04,1.041,1.051,1.052,1.052,1.034,1789701,1862724
387,sz159391,大盘价值ETF,1.112,0.009,0.816,1.102,1.119,1.103,1.101,1.12,1.101,1537206,1704540
388,sz159390,A50指数ETF,1.074,0.004,0.374,1.073,1.074,1.07,1.072,1.082,1.067,19167647,20574140
389,sz159389,数字经济ETF嘉实,1.029,0.002,0.195,1.027,1.031,1.027,1.025,1.038,1.022,1644216,1691915
390,sz159388,创业板人工智能ETF国泰,1.071,-0.006,-0.557,1.071,1.072,1.077,1.087,1.088,1.068,9824197,10601902
391,sz159387,创业板新能源ETF国泰,1.051,-0.018,-1.684,1.05,1.056,1.069,1.064,1.069,1.051,6960416,7364951
392,sz159386,A500ETF永赢,1.024,0.001,0.098,1.023,1.03,1.023,1.022,1.033,1.02,38039411,38917839
393,sz159385,数字经济ETF富国,1.029,0.002,0.195,1.027,1.029,1.027,1.025,1.04,1.021,1467968,1510400
394,sz159383,创业板50ETF华泰柏瑞,0.997,-0.003,-0.3,0.997,1.006,1.0,1.002,1.014,0.997,3905430,3913137
395,sz159382,创业板人工智能ETF南方,1.116,-0.007,-0.623,1.115,1.116,1.123,1.124,1.133,1.115,8116000,9134904
396,sz159381,创业板人工智能ETF华夏,0.982,-0.006,-0.607,0.982,0.983,0.988,0.993,0.998,0.981,27870362,27626638
397,sz159380,A500ETF东财,1.067,0.001,0.094,1.066,1.067,1.066,1.067,1.078,1.062,5505222,5885189
398,sz159379,A500ETF融通,1.05,0.0,0.0,1.051,1.052,1.05,1.043,1.059,1.043,3374007,3557023
399,sz159378,通用航空ETF,1.15,-0.006,-0.519,1.145,1.15,1.156,1.156,1.159,1.139,101322001,116037093
400,sz159377,创业板医药ETF国泰,1.111,-0.003,-0.269,1.111,1.118,1.114,1.116,1.121,1.11,9760804,10914198
401,sz159376,A500ETF指数基金,1.067,0.004,0.376,1.065,1.067,1.063,1.061,1.074,1.059,28083050,29895774
402,sz159375,创业板50ETF国泰,1.071,-0.002,-0.186,1.068,1.071,1.073,1.078,1.086,1.07,9500000,10190831
403,sz159373,创业板50ETF嘉实,1.028,-0.002,-0.194,1.027,1.028,1.03,1.036,1.045,1.027,51902905,53578516
404,sz159372,创业板50ETF万家,1.081,-0.006,-0.552,1.081,1.083,1.087,1.097,1.098,1.081,1557734,1691711
405,sz159371,创50ETF富国,1.014,-0.001,-0.099,1.012,1.014,1.015,1.18,1.18,1.01,1176200,1199186
406,sz159370,创50ETF工银,1.063,0.0,0.0,1.059,1.067,1.063,1.063,1.077,1.061,19610200,20887229
407,sz159368,创业板新能源ETF华夏,0.943,-0.016,-1.668,0.943,0.952,0.959,0.959,0.959,0.94,2328761,2202501
408,sz159367,创业板50ETF华夏,1.022,0.0,0.0,1.022,1.03,1.022,1.023,1.036,1.019,2044008,2098497
409,sz159366,港股医疗ETF,1.262,-0.01,-0.786,1.262,1.265,1.272,1.274,1.281,1.257,51987002,65945847
410,sz159365,恒指ETF,0.992,-0.007,-0.701,0.992,0.993,0.999,0.997,1.0,0.989,11814115,11728677
411,sz159363,创业板人工智能ETF华宝,1.042,-0.004,-0.382,1.041,1.042,1.046,1.049,1.06,1.039,93858963,98650335
412,sz159362,A500ETF工银,1.022,0.002,0.196,1.021,1.022,1.02,1.018,1.03,1.016,46028551,46975775
413,sz159361,A500ETF易方达,0.991,0.0,0.0,0.991,0.992,0.991,0.991,1.002,0.987,1226735294,1218080238
414,sz159360,中证A500ETF天弘,1.034,0.0,0.0,1.033,1.034,1.034,1.036,1.043,1.03,80729110,83588567
415,sz159359,中证A500ETF华安,1.026,0.002,0.195,1.025,1.026,1.024,1.023,1.034,1.021,211663488,217019048
416,sz159358,中证A500ETF基金,1.04,0.003,0.289,1.038,1.041,1.037,1.033,1.047,1.033,115744334,120033848
417,sz159357,中证A500指数ETF,1.025,0.0,0.0,1.025,1.026,1.025,1.022,1.035,1.021,83384992,85479037
418,sz159356,A500ETF基金,1.018,0.003,0.296,1.018,1.019,1.015,1.014,1.027,1.012,134124782,136461293
419,sz159355,800红利低波ETF,1.063,0.007,0.663,1.061,1.063,1.056,1.055,1.067,1.055,6020532,6397255
420,sz159353,中证A500ETF景顺,0.987,0.002,0.203,0.986,0.987,0.985,0.985,0.997,0.983,491656937,485134018
421,sz159352,中证A500ETF南方,1.026,0.003,0.293,1.026,1.027,1.023,1.023,1.035,1.021,2789665644,2861714183
422,sz159351,A500ETF嘉实,0.997,0.001,0.1,0.997,0.998,0.996,0.994,1.007,0.992,3414894427,3406216352
423,sz159350,深证50ETF富国,1.173,0.001,0.085,1.172,1.173,1.172,1.168,1.183,1.167,24349816,28571643
424,sz159339,A500ETF,0.983,0.0,0.0,0.983,0.984,0.983,0.982,0.992,0.979,213071948,209829693
425,sz159338,中证A500ETF,0.975,0.001,0.103,0.975,0.976,0.974,0.973,0.985,0.971,2332360473,2278010105
426,sz159337,中证500ETF基金,1.316,0.0,0.0,1.316,1.317,1.316,1.316,1.33,1.31,14125100,18671572
427,sz159336,央企红利50ETF,1.038,-0.002,-0.192,1.038,1.039,1.04,1.04,1.043,1.035,403700,419354
428,sz159335,央企科创ETF,1.196,0.001,0.084,1.196,1.197,1.195,1.192,1.2,1.191,1257000,1500114
429,sz159333,港股央企红利ETF,1.35,-0.001,-0.074,1.35,1.352,1.351,1.352,1.358,1.346,24367834,32967085
430,sz159332,央企红利ETF,1.156,0.012,1.049,1.151,1.156,1.144,1.144,1.158,1.144,2752501,3176035
431,sz159331,红利港股ETF,1.262,-0.005,-0.395,1.261,1.262,1.267,1.267,1.267,1.261,8683100,10974540
432,sz159330,沪深300ETF基金,1.208,0.006,0.499,1.207,1.208,1.202,1.202,1.217,1.2,113609403,137387146
433,sz159329,沙特ETF,0.993,0.002,0.202,0.993,0.994,0.991,0.994,0.999,0.993,276698300,275354926
434,sz159328,家电ETF易方达,0.98,0.001,0.102,0.979,0.98,0.979,0.977,0.984,0.977,248500,243311
435,sz159327,半导体设备ETF基金,1.237,0.004,0.324,1.237,1.239,1.233,1.243,1.263,1.219,7536001,9348310
436,sz159326,电网设备ETF,1.079,-0.004,-0.369,1.076,1.08,1.083,1.084,1.084,1.076,2143400,2316356
437,sz159325,半导体ETF南方,1.047,0.0,0.0,1.046,1.047,1.047,1.05,1.061,1.034,14059103,14702357
438,sz159323,港股通汽车ETF,1.201,-0.012,-0.989,1.2,1.201,1.213,1.21,1.216,1.196,38865700,46792694
439,sz159322,黄金股票ETF基金,1.221,-0.012,-0.973,1.22,1.221,1.233,1.227,1.229,1.208,3064100,3725424
440,sz159321,黄金股票ETF,1.155,-0.01,-0.858,1.154,1.155,1.165,1.16,1.162,1.143,5310700,6103281
441,sz159320,电网ETF,1.021,-0.006,-0.584,1.019,1.023,1.027,1.026,1.029,1.019,2304008,2362430
442,sz159318,恒生港股通ETF,1.305,-0.006,-0.458,1.304,1.305,1.311,1.315,1.316,1.295,8922800,11643163
443,sz159316,恒生创新药ETF,1.321,0.013,0.994,1.321,1.322,1.308,1.307,1.331,1.297,339430500,446240644
444,sz159315,黄金股ETF基金,1.228,-0.011,-0.888,1.226,1.228,1.239,1.234,1.234,1.202,3962600,4846303
445,sz159312,恒生ETF港股通,1.17,-0.009,-0.763,1.17,1.171,1.179,1.171,1.181,1.164,10456200,12227496
446,sz159310,芯片ETF天弘,1.437,-0.003,-0.208,1.437,1.438,1.44,1.435,1.458,1.425,5290700,7585341
447,sz159309,油气资源ETF,0.97,-0.002,-0.206,0.97,0.971,0.972,0.972,0.973,0.968,9021500,8755223
448,sz159307,红利低波100ETF,1.06,0.004,0.379,1.06,1.061,1.056,1.056,1.064,1.054,21763800,23015250
449,sz159306,汽车零件ETF,1.106,-0.001,-0.09,1.1,1.103,1.107,1.1,1.11,1.1,208100,230263
450,sz159305,储能电池ETF广发,1.182,-0.016,-1.336,1.181,1.183,1.198,1.188,1.198,1.181,2610300,3099819
451,sz159303,恒生医疗ETF基金,1.612,0.002,0.124,1.612,1.613,1.61,1.61,1.629,1.59,45327600,72964536
452,sz159302,港股高股息ETF,1.258,-0.004,-0.317,1.258,1.259,1.262,1.26,1.264,1.254,16585800,20885551
453,sz159301,公用事业ETF,0.934,0.007,0.755,0.934,0.935,0.927,0.927,0.936,0.927,3400700,3175184
454,sz159300,300ETF,4.125,0.016,0.389,4.125,4.126,4.109,4.108,4.161,4.099,21516903,88666330
455,sz159265,港股消费50ETF,1.008,-0.005,-0.494,1.008,1.009,1.013,1.013,1.015,1.001,49193671,49592054
456,sz159249,A500增强ETF工银,1.007,0.001,0.099,1.007,1.008,1.006,1.003,1.016,1.002,37948528,38304275
457,sz159245,港股通消费ETF,1.0,-0.004,-0.398,0.999,1.0,1.004,1.004,1.006,0.996,9964341,9961323
458,sz159241,航空航天ETF天弘,1.105,-0.005,-0.45,1.104,1.105,1.11,1.115,1.117,1.095,76059963,83950068
459,sz159240,中证A500增强ETF天弘,1.028,0.005,0.489,1.026,1.031,1.023,1.02,1.034,1.02,5228092,5371394
460,sz159239,港股通汽车ETF富国,0.969,-0.008,-0.819,0.968,0.969,0.977,0.98,0.983,0.967,8537000,8299847
461,sz159238,300ETF增强,1.045,0.008,0.771,1.043,1.045,1.037,1.037,1.047,1.035,3987822,4143393
462,sz159236,自由现金流ETF工银,1.036,-0.001,-0.096,1.035,1.036,1.037,1.033,1.041,1.031,9269968,9603786
463,sz159235,中证现金流ETF,1.053,0.0,0.0,1.053,1.054,1.053,1.05,1.06,1.05,82322443,86849204
464,sz159233,自由现金流ETF基金,1.016,0.0,0.0,1.016,1.017,1.016,1.016,1.021,1.012,51933546,52810802
465,sz159232,现金流ETF南方,1.055,0.0,0.0,1.054,1.055,1.055,1.055,1.06,1.05,67819129,71570574
466,sz159231,通用航空ETF华宝,1.115,-0.01,-0.889,1.114,1.115,1.125,1.124,1.125,1.109,3591900,4008402
467,sz159230,通用航空ETF基金,1.063,-0.012,-1.116,1.062,1.063,1.075,1.078,1.078,1.058,4922101,5255974
468,sz159229,自由现金流ETF广发,1.037,-0.002,-0.192,1.035,1.036,1.039,1.033,1.043,1.033,11827049,12292446
469,sz159228,红利低波ETF长城,1.018,0.007,0.692,1.014,1.018,1.011,1.011,1.02,1.011,13217684,13434775
470,sz159227,航空航天ETF,1.094,-0.005,-0.455,1.094,1.095,1.099,1.099,1.107,1.083,80208400,87637804
471,sz159226,中证A500增强ETF,1.025,0.002,0.196,1.025,1.026,1.023,1.023,1.033,1.021,24276456,24926277
472,sz159225,现金流ETF基金,1.079,0.004,0.372,1.078,1.079,1.075,1.077,1.085,1.077,5326227,5763842
473,sz159223,现金流ETF永赢,1.009,0.006,0.598,1.008,1.009,1.003,1.002,1.011,1.0,83421722,83975821
474,sz159222,自由现金流ETF易方达,1.084,0.004,0.37,1.084,1.085,1.08,1.08,1.091,1.078,139050798,150806978
475,sz159221,现金流ETF嘉实,1.05,0.003,0.287,1.049,1.05,1.047,1.047,1.057,1.04,29130431,30646694
476,sz159220,港股通红利ETF,1.104,-0.001,-0.09,1.104,1.105,1.105,1.106,1.107,1.098,10972207,12099468
477,sz159219,深证100ETF融通,1.041,0.002,0.192,1.041,1.043,1.039,1.037,1.047,1.036,1681986,1751975
478,sz159218,卫星产业ETF,1.063,-0.016,-1.483,1.062,1.063,1.079,1.077,1.077,1.059,9775000,10426628
479,sz159217,港股通创新药ETF工银,1.308,0.01,0.77,1.307,1.308,1.298,1.293,1.324,1.283,814819602,1061601491
480,sz159216,深证100ETF大成,1.107,-0.002,-0.18,1.107,1.109,1.109,1.106,1.118,1.104,3318310,3684580
481,sz159215,中证A500ETF指数基金,1.029,0.003,0.292,1.028,1.029,1.026,1.026,1.037,1.023,109650510,112687857
482,sz159213,机器人ETF基金,1.005,-0.01,-0.985,1.005,1.007,1.015,1.011,1.013,1.003,7971400,8020157
483,sz159212,深100ETF南方,1.085,-0.002,-0.184,1.083,1.085,1.087,1.082,1.095,1.081,31337217,34082256
484,sz159211,深证100ETF富国,1.078,0.002,0.186,1.073,1.083,1.076,1.076,1.084,1.075,215601,232138
485,sz159210,港股汽车ETF,0.964,-0.011,-1.128,0.963,0.964,0.975,0.972,0.975,0.961,22428415,21665805
486,sz159209,中证红利质量ETF,1.025,0.001,0.098,1.023,1.025,1.024,1.021,1.028,1.019,13559611,13853459
487,sz159208,航天航空ETF,1.115,-0.009,-0.801,1.115,1.117,1.124,1.118,1.127,1.104,7996700,8903469
488,sz159207,高股息ETF,1.06,0.0,0.0,1.058,1.06,1.06,1.059,1.064,1.058,13542127,14370362
489,sz159206,卫星ETF,1.005,-0.015,-1.471,1.005,1.009,1.02,1.018,1.018,1.0,25255908,25414396
490,sz159205,创业板ETF东财,1.046,-0.002,-0.191,1.046,1.047,1.048,1.049,1.06,1.042,12214692,12781839
491,sz159203,大盘成长ETF,1.019,0.001,0.098,1.019,1.02,1.018,1.017,1.026,1.013,15844946,16137764
492,sz159202,恒生互联网科技ETF,1.038,0.0,0.0,1.037,1.038,1.038,1.03,1.064,1.02,52426700,54309827
493,sz159201,自由现金流ETF,1.025,0.004,0.392,1.024,1.025,1.021,1.022,1.03,1.02,273027091,279726517
494,sz159150,深证50ETF易方达,1.189,0.001,0.084,1.187,1.189,1.188,1.184,1.199,1.184,9393700,11166248
495,sz159005,汇添富快钱ETF,100.001,0.0,0.0,99.952,100.001,100.001,100.0,100.001,99.999,145226,14522596
496,sz159003,招商快线ETF,100.0,-0.002,-0.002,100.0,100.001,100.002,100.0,100.001,99.999,696800,69679935
497,sz159001,货币ETF,100.0,0.0,0.0,100.0,100.001,100.0,100.0,100.001,99.999,3268158,326815788
498,sh589990,科创综指ETF华泰柏瑞,0.977,-0.002,-0.204,0.976,0.977,0.979,0.979,0.988,0.97,16486200,16099841
499,sh589980,科创100ETF汇添富,1.033,-0.004,-0.386,1.033,1.035,1.037,1.04,1.048,1.01,9794800,10165075
500,sh589900,科创综指ETF博时,0.967,-0.003,-0.309,0.967,0.968,0.97,0.973,0.98,0.962,53957914,52282866
501,sh589890,科创综指ETF景顺,0.966,-0.002,-0.207,0.966,0.967,0.968,0.965,0.978,0.959,25063500,24290572
502,sh589880,科创综指ETF建信,0.971,-0.003,-0.308,0.97,0.971,0.974,0.974,0.983,0.965,26965584,26159182
503,sh589860,科创综指ETF天弘,0.957,-0.005,-0.52,0.957,0.959,0.962,0.961,0.97,0.951,105376100,100795443
504,sh589800,科创综指ETF易方达,0.962,-0.003,-0.311,0.962,0.963,0.965,0.962,0.974,0.956,121798107,117496459
505,sh589770,科创综指ETF招商,0.97,-0.003,-0.308,0.97,0.971,0.973,0.973,0.982,0.965,50061400,48620029
506,sh589700,科创成长ETF南方,1.021,-0.003,-0.293,1.021,1.023,1.024,1.02,1.032,1.018,2777700,2845464
507,sh589680,科创综指ETF鹏华,0.966,-0.004,-0.412,0.966,0.967,0.97,0.969,0.979,0.96,101510000,98069089
508,sh589660,科创综指ETF南方,0.97,-0.003,-0.308,0.97,0.971,0.973,0.971,0.982,0.964,42063000,40843890
509,sh589630,科创综指ETF国泰,0.966,-0.005,-0.515,0.966,0.967,0.971,0.971,0.979,0.961,56406132,54800325
510,sh589600,科创综指ETF富国,0.951,-0.003,-0.314,0.948,0.954,0.954,0.951,0.961,0.943,21086500,20064942
511,sh589580,科创综指ETF兴银,1.016,-0.002,-0.196,1.012,1.016,1.018,1.01,1.027,1.008,5467500,5573960
512,sh589520,科创人工智能ETF华宝,0.848,-0.006,-0.703,0.847,0.848,0.854,0.854,0.86,0.844,9854100,8375302
513,sh589500,科创综指ETF工银,0.967,-0.002,-0.206,0.965,0.966,0.969,0.968,0.977,0.961,16953900,16377104
514,sh589380,AIETF富国,0.99,-0.008,-0.802,0.989,0.99,0.998,0.993,1.004,0.985,4551500,4511365
515,sh589300,科创综指ETF嘉实,1.051,-0.003,-0.285,1.049,1.057,1.054,1.044,1.063,1.044,5377900,5652321
516,sh589180,科创新材料ETF汇添富,1.041,-0.009,-0.857,1.039,1.042,1.05,1.05,1.052,1.038,9212100,9618789
517,sh589100,科创芯片ETF国泰,0.973,0.0,0.0,0.972,0.973,0.973,0.969,0.988,0.963,14239500,13817840
518,sh589080,科创综指ETF汇添富,0.97,-0.002,-0.206,0.969,0.97,0.972,0.975,0.981,0.964,36666200,35628671
519,sh589060,科创综指ETF东财,1.01,-0.003,-0.296,1.008,1.01,1.013,1.012,1.022,1.005,7784500,7857990
520,sh589010,科创人工智能ETF华夏,0.992,-0.008,-0.8,0.991,0.992,1.0,1.0,1.007,0.988,20899000,20794547
521,sh589000,科创综指ETF华夏,0.968,-0.003,-0.309,0.967,0.968,0.971,0.971,0.98,0.961,152789400,148083632
522,sh588990,科创芯片ETF博时,1.58,0.005,0.317,1.577,1.58,1.575,1.577,1.604,1.561,16457700,26048222
523,sh588960,科创板新能源ETF,0.998,-0.018,-1.772,0.998,1.004,1.016,1.011,1.016,0.994,2853000,2850093
524,sh588950,科创50ETF景顺,1.016,-0.003,-0.294,1.014,1.016,1.019,1.013,1.027,1.007,1971400,1998615
525,sh588940,科创50ETF富国,1.007,0.0,0.0,1.006,1.008,1.007,1.005,1.017,0.999,2569800,2590993
526,sh588930,科创板人工智能ETF,1.108,-0.009,-0.806,1.107,1.108,1.117,1.115,1.125,1.102,61883700,68764185
527,sh588910,科创价值ETF,0.993,-0.01,-0.997,0.993,0.994,1.003,1.001,1.001,0.99,18125300,18028240
528,sh588900,科创100ETF南方,1.013,-0.007,-0.686,1.012,1.014,1.02,1.021,1.028,1.006,39036500,39531002
529,sh588890,科创芯片ETF南方,1.688,0.0,0.0,1.688,1.689,1.688,1.686,1.716,1.671,22062200,37281261
530,sh588880,科创100ETF华泰柏瑞,0.978,-0.006,-0.61,0.978,0.98,0.984,0.979,0.992,0.973,31954800,31267681
531,sh588870,科创50指数ETF,1.011,-0.002,-0.197,1.01,1.011,1.013,1.012,1.022,1.003,26711600,27034089
532,sh588860,科创医药ETF,1.413,0.018,1.29,1.411,1.413,1.395,1.395,1.423,1.395,20399546,28702751
533,sh588850,科创机械ETF,1.054,-0.012,-1.126,1.053,1.057,1.066,1.06,1.066,1.052,1356700,1435926
534,sh588840,科创板50ETF基金,0.907,0.0,0.0,0.906,0.907,0.907,0.907,0.916,0.899,5462800,4967438
535,sh588830,科创新能源ETF,1.112,-0.019,-1.68,1.111,1.112,1.131,1.13,1.136,1.108,53906201,60142290
536,sh588820,科创200ETF基金,1.213,0.005,0.414,1.201,1.213,1.208,1.207,1.216,1.197,654600,786544
537,sh588810,科创芯片ETF富国,1.059,0.0,0.0,1.058,1.059,1.059,1.059,1.076,1.05,5122000,5430398
538,sh588800,科创100ETF华夏,0.978,-0.004,-0.407,0.978,0.979,0.982,0.982,0.994,0.973,125314300,123104739
539,sh588790,科创AIETF,0.565,-0.004,-0.703,0.564,0.565,0.569,0.568,0.573,0.561,338146300,191581439
540,sh588780,科创芯片设计ETF,1.037,-0.004,-0.384,1.036,1.037,1.041,1.042,1.053,1.029,25133500,26129341
541,sh588770,科创信息技术ETF摩根,0.941,-0.003,-0.318,0.942,0.95,0.944,0.94,0.956,0.935,3285000,3107764
542,sh588760,人工智能ETF科创,0.532,-0.004,-0.746,0.531,0.532,0.536,0.536,0.539,0.528,209761300,111707243
543,sh588750,科创芯片50ETF,1.008,-0.001,-0.099,1.007,1.008,1.009,1.008,1.025,0.997,45849900,46270239
544,sh588730,科创人工智能ETF,1.032,-0.007,-0.674,1.031,1.032,1.039,1.036,1.046,1.025,61949300,64164337
545,sh588720,科创50ETF中银,0.999,0.002,0.201,0.998,0.999,0.997,0.999,1.009,0.99,288900,288555
546,sh588710,科创半导体设备ETF,1.05,0.012,1.156,1.05,1.052,1.038,1.039,1.073,1.028,15466900,16283556
547,sh588700,科创医药ETF嘉实,1.065,0.011,1.044,1.065,1.066,1.054,1.053,1.074,1.052,30462100,32345351
548,sh588680,科创100ETF增强指数基金,1.484,-0.008,-0.536,1.484,1.488,1.492,1.493,1.502,1.477,2609900,3885477
549,sh588670,科创综指增强ETF,1.006,-0.006,-0.593,1.005,1.006,1.012,1.012,1.017,1.0,5401100,5445007
550,sh588660,科创创业50ETF基金,0.953,-0.005,-0.522,0.952,0.953,0.958,0.958,0.965,0.952,5069800,4854322
551,sh588500,科创100增强ETF易方达,1.409,-0.008,-0.565,1.408,1.413,1.417,1.417,1.434,1.406,2716100,3839722
552,sh588460,科创50增强ETF,1.15,0.0,0.0,1.149,1.15,1.15,1.151,1.164,1.138,21782000,24981596
553,sh588450,科创50ETF增强,1.259,-0.007,-0.553,1.258,1.259,1.266,1.27,1.276,1.252,4524700,5711676
554,sh588400,科创创业ETF嘉实,0.562,-0.002,-0.355,0.561,0.562,0.564,0.564,0.569,0.56,31859200,17951912
555,sh588390,科创创业50ETF,0.606,-0.002,-0.329,0.606,0.607,0.608,0.609,0.614,0.605,13640300,8292904
556,sh588380,双创50ETF,0.569,-0.001,-0.175,0.568,0.569,0.57,0.569,0.575,0.567,80067000,45652844
557,sh588370,科创50增强ETF南方,1.024,0.003,0.294,1.023,1.025,1.021,1.023,1.036,1.016,4647200,4762440
558,sh588360,科创创业ETF,0.603,-0.002,-0.331,0.602,0.603,0.605,0.604,0.61,0.601,32739400,19762678
559,sh588350,双创50ETF基金,0.861,-0.003,-0.347,0.86,0.862,0.864,0.865,0.871,0.861,1388000,1203188
560,sh588330,双创龙头ETF,0.565,-0.002,-0.353,0.565,0.566,0.567,0.567,0.572,0.564,40151300,22763148
561,sh588320,双创50ETF增强,0.904,-0.004,-0.441,0.904,0.905,0.908,0.903,0.914,0.903,910800,823660
562,sh588310,双创ETF基金,0.613,-0.001,-0.163,0.611,0.613,0.614,0.613,0.619,0.611,861800,528448
563,sh588300,双创ETF,0.573,-0.001,-0.174,0.572,0.573,0.574,0.574,0.58,0.571,43211500,24840413
564,sh588290,科创芯片ETF基金,1.472,-0.002,-0.136,1.473,1.474,1.474,1.474,1.501,1.458,96681300,142928607
565,sh588280,科创50ETF指数基金,0.711,-0.002,-0.281,0.711,0.712,0.713,0.711,0.721,0.707,10467600,7468419
566,sh588270,科创200ETF易方达,1.046,-0.004,-0.381,1.045,1.046,1.05,1.05,1.056,1.038,3773000,3936317
567,sh588260,科创信息ETF,1.297,-0.005,-0.384,1.297,1.298,1.302,1.302,1.315,1.286,2087600,2714560
568,sh588250,科创生物医药ETF,1.121,0.013,1.173,1.12,1.122,1.108,1.113,1.131,1.109,23023200,25761987
569,sh588240,科创200ETF指数,1.05,-0.004,-0.38,1.049,1.05,1.054,1.054,1.062,1.042,14057900,14758743
570,sh588230,科创200ETF,1.13,-0.005,-0.441,1.129,1.13,1.135,1.13,1.143,1.123,11540500,13038708
571,sh588220,科创100ETF基金,1.009,-0.007,-0.689,1.009,1.01,1.016,1.016,1.026,1.004,208031096,210724115
572,sh588210,科创100ETF易方达,0.988,-0.005,-0.504,0.988,0.99,0.993,0.993,1.004,0.984,3701300,3669415
573,sh588200,科创芯片ETF,1.508,-0.001,-0.066,1.508,1.509,1.509,1.505,1.535,1.492,1242359200,1878112884
574,sh588190,科创100ETF,1.005,-0.005,-0.495,1.004,1.005,1.01,1.012,1.021,0.999,139686400,140892104
575,sh588180,科创50ETF基金,0.636,-0.002,-0.313,0.636,0.637,0.638,0.638,0.644,0.632,31747100,20233486
576,sh588170,科创半导体ETF,1.017,0.009,0.893,1.017,1.019,1.008,1.009,1.038,0.995,60171500,61007065
577,sh588160,科创材料ETF,0.636,-0.009,-1.395,0.635,0.636,0.645,0.646,0.646,0.634,8189900,5223486
578,sh588150,科创50ETF南方,0.691,0.0,0.0,0.69,0.691,0.691,0.69,0.7,0.686,23372900,16176564
579,sh588130,科创医药ETF基金,1.101,0.013,1.195,1.096,1.102,1.088,1.095,1.11,1.09,4813100,5289010
580,sh588120,科创板100ETF,1.011,-0.004,-0.394,1.009,1.011,1.015,1.014,1.026,1.005,70462500,71436401
581,sh588110,科创成长ETF,1.194,-0.004,-0.334,1.193,1.194,1.198,1.204,1.21,1.188,22123200,26496074
582,sh588100,科创信息技术ETF,1.306,-0.004,-0.305,1.305,1.306,1.31,1.308,1.327,1.295,7389800,9690082
583,sh588090,科创板ETF,1.016,0.0,0.0,1.015,1.016,1.016,1.015,1.028,1.007,103984940,105560350
584,sh588080,科创板50ETF,1.01,0.001,0.099,1.009,1.01,1.009,1.01,1.023,1.001,701267479,709474840
585,sh588070,科创板成长ETF,1.049,-0.005,-0.474,1.048,1.049,1.054,1.055,1.061,1.046,842000,885983
586,sh588060,科创50ETF龙头,0.628,0.0,0.0,0.627,0.628,0.628,0.628,0.636,0.623,262937740,165389509
587,sh588050,科创ETF,1.013,0.0,0.0,1.012,1.013,1.013,1.014,1.025,1.004,257742780,261471957
588,sh588040,科创50ETF指数,1.031,0.006,0.585,1.029,1.031,1.025,1.023,1.037,1.018,2104300,2169418
589,sh588030,科创100指数ETF,1.009,-0.005,-0.493,1.008,1.009,1.014,1.013,1.025,1.003,269024923,272183542
590,sh588020,科创成长50ETF,1.219,-0.005,-0.408,1.219,1.221,1.224,1.218,1.235,1.214,19685400,24062864
591,sh588010,科创新材料ETF,0.626,-0.009,-1.417,0.625,0.626,0.635,0.633,0.634,0.624,21067000,13232912
592,sh588000,科创50ETF,1.035,-0.001,-0.097,1.035,1.036,1.036,1.037,1.049,1.027,3236463240,3357773904
593,sh563990,800现金流ETF,1.053,0.0,0.0,1.052,1.053,1.053,1.051,1.059,1.05,6111300,6438242
594,sh563900,沪深300自由现金流ETF摩根,1.056,0.004,0.38,1.055,1.056,1.052,1.049,1.06,1.049,11849700,12484914
595,sh563880,中证A500指数ETF,1.008,0.003,0.299,1.007,1.008,1.005,1.005,1.016,1.002,333960900,336186944
596,sh563860,A500ETF海富通,1.023,0.002,0.196,1.023,1.024,1.021,1.019,1.031,1.019,47973300,49066699
597,sh563830,全指现金流ETF基金,1.025,-0.001,-0.097,1.024,1.025,1.026,1.023,1.03,1.023,5241800,5379545
598,sh563800,中证A500ETF龙头,0.974,0.003,0.309,0.973,0.974,0.971,0.97,0.982,0.968,978528758,952191631
599,sh563780,现金流全指ETF,1.039,-0.003,-0.288,1.039,1.045,1.042,1.035,1.046,1.034,6518500,6797459
600,sh563770,全指现金流ETF,1.036,-0.002,-0.193,1.035,1.039,1.038,1.045,1.045,1.03,8504000,8836304
601,sh563760,全指自由现金流ETF,1.017,-0.002,-0.196,1.016,1.019,1.019,1.015,1.023,1.014,2498200,2544169
602,sh563700,红利价值ETF,1.073,0.009,0.846,1.073,1.074,1.064,1.066,1.079,1.062,6356200,6802847
603,sh563680,800自由现金流ETF,1.04,-0.004,-0.383,1.041,1.044,1.044,1.044,1.046,1.04,2782800,2900088
604,sh563660,A500ETF银河,1.018,0.001,0.098,1.018,1.019,1.017,1.014,1.026,1.013,17126200,17477167
605,sh563650,中证A500龙头ETF,1.023,0.003,0.294,1.019,1.023,1.02,1.017,1.032,1.017,36598700,37477538
606,sh563630,A500增强ETF,1.006,0.002,0.199,1.002,1.006,1.004,1.004,1.013,1.002,28503900,28754904
607,sh563550,A500增强ETF摩根,1.021,-0.001,-0.098,1.021,1.023,1.022,1.021,1.029,1.018,46357300,47453801
608,sh563520,沪深300ETF永赢,1.004,0.005,0.501,1.004,1.005,0.999,0.998,1.012,0.997,58523000,58780503
609,sh563500,中证A500ETF华宝,1.031,0.001,0.097,1.031,1.033,1.03,1.034,1.041,1.027,83998105,86661966
610,sh563390,现金流ETF全指,1.055,0.0,0.0,1.055,1.056,1.055,1.057,1.061,1.051,90090200,95215268
611,sh563360,A500ETF华泰柏瑞,1.033,0.002,0.194,1.032,1.033,1.031,1.03,1.041,1.027,3275465154,3383173189
612,sh563350,中证A50ETF,1.18,0.006,0.511,1.178,1.181,1.174,1.171,1.188,1.171,27375417,32208584
613,sh563330,A股ETF,3.46,-0.002,-0.058,3.456,3.464,3.462,3.457,3.484,3.448,3507354,12132434
614,sh563300,中证2000ETF,1.145,-0.013,-1.123,1.145,1.146,1.158,1.157,1.159,1.142,355576199,408431132
615,sh563280,A50增强ETF,1.118,0.011,0.994,1.111,1.115,1.107,1.096,1.124,1.096,27400,30543
616,sh563220,中证A500ETF富国,1.013,0.001,0.099,1.013,1.014,1.012,1.011,1.022,1.009,1131563206,1147275874
617,sh563210,专精特新ETF,1.038,0.0,0.0,1.028,1.035,1.038,1.038,1.043,1.025,915700,942147
618,sh563200,中证2000ETF富国,1.221,-0.011,-0.893,1.219,1.221,1.232,1.232,1.232,1.217,1234400,1509750
619,sh563180,高股息ETF,1.075,0.002,0.186,1.073,1.076,1.073,1.073,1.079,1.071,17420300,18738994
620,sh563150,油气资源ETF,0.929,-0.006,-0.642,0.929,0.938,0.935,0.932,0.936,0.929,303100,282419
621,sh563090,上证50增强ETF易方达,1.087,0.006,0.555,1.082,1.092,1.081,1.082,1.094,1.078,2555100,2776962
622,sh563080,中证A50ETF易方达,1.168,0.005,0.43,1.167,1.169,1.163,1.164,1.177,1.16,123447000,144040377
623,sh563060,央企50ETF,1.017,-0.001,-0.098,1.014,1.02,1.018,1.014,1.022,1.014,3257200,3323005
624,sh563050,央企科技50ETF,0.915,0.0,0.0,0.912,0.916,0.915,0.914,0.923,0.909,5275750,4827926
625,sh563030,中证500增强ETF易方达,1.077,0.0,0.0,1.076,1.077,1.077,1.074,1.085,1.074,4792400,5166269
626,sh563020,红利低波动ETF,1.252,0.01,0.805,1.252,1.253,1.242,1.242,1.258,1.241,44869300,56119114
627,sh563010,电信ETF,1.346,-0.008,-0.591,1.343,1.346,1.354,1.345,1.358,1.343,1576000,2127505
628,sh563000,中国A50ETF,0.852,0.005,0.59,0.852,0.853,0.847,0.847,0.859,0.845,58741560,50042633
629,sh562990,碳中和ETF易方达,0.773,-0.002,-0.258,0.772,0.773,0.775,0.775,0.779,0.77,14394500,11139473
630,sh562970,光伏ETF易方达,0.777,-0.004,-0.512,0.774,0.777,0.781,0.785,0.793,0.773,3940600,3067913
631,sh562960,绿色电力ETF易方达,1.079,0.008,0.747,1.079,1.08,1.071,1.07,1.083,1.07,1255200,1355740
632,sh562950,消费电子ETF易方达,0.822,-0.009,-1.083,0.822,0.823,0.831,0.829,0.832,0.821,8402860,6936056
633,sh562930,软件ETF易方达,0.805,0.0,0.0,0.803,0.805,0.805,0.805,0.815,0.798,3700400,2986536
634,sh562920,信息安全ETF,0.935,0.001,0.107,0.935,0.936,0.934,0.937,0.945,0.928,1657500,1553060
635,sh562910,高端制造ETF,0.636,-0.001,-0.157,0.635,0.637,0.637,0.638,0.641,0.633,3427700,2188359
636,sh562900,农业ETF易方达,0.765,0.002,0.262,0.763,0.765,0.763,0.764,0.765,0.759,7191000,5488584
637,sh562890,A50ETF嘉实,1.163,0.005,0.432,1.162,1.164,1.158,1.156,1.172,1.154,36421400,42279052
638,sh562880,电池ETF嘉实,0.507,-0.009,-1.744,0.506,0.507,0.516,0.516,0.516,0.505,20254600,10285993
639,sh562860,生物疫苗ETF,0.683,0.004,0.589,0.683,0.684,0.679,0.679,0.688,0.676,16451700,11205296
640,sh562850,央企能源ETF,1.089,0.003,0.276,1.087,1.09,1.086,1.086,1.093,1.083,7830500,8534740
641,sh562820,集成电路ETF,1.592,-0.01,-0.624,1.591,1.592,1.602,1.6,1.614,1.581,8109400,12969804
642,sh562810,上证指数增强ETF,1.053,0.001,0.095,1.052,1.053,1.052,1.052,1.099,1.05,2838900,2997260
643,sh562800,稀有金属ETF,0.541,-0.01,-1.815,0.54,0.541,0.551,0.55,0.55,0.539,91793209,49745784
644,sh562700,汽车零部件ETF,1.119,-0.004,-0.356,1.117,1.119,1.123,1.123,1.126,1.114,1912900,2141317
645,sh562660,中证2000ETF华夏,1.394,-0.018,-1.275,1.393,1.394,1.412,1.412,1.412,1.391,11639800,16286628
646,sh562600,医疗器械ETF,0.842,0.004,0.477,0.842,0.844,0.838,0.84,0.86,0.84,3188500,2695073
647,sh562590,半导体材料ETF,1.102,0.007,0.639,1.102,1.103,1.095,1.106,1.121,1.083,13776000,15156042
648,sh562580,可选消费ETF,1.161,0.0,0.0,1.161,1.163,1.161,1.157,1.169,1.157,39000,45386
649,sh562570,信创ETF,1.239,-0.003,-0.242,1.239,1.24,1.242,1.239,1.258,1.229,39381500,48967028
650,sh562560,信息技术ETF,1.335,0.001,0.075,1.33,1.334,1.334,1.338,1.348,1.327,252900,337443
651,sh562550,绿电ETF,1.081,0.008,0.746,1.08,1.081,1.073,1.073,1.085,1.073,6008200,6495406
652,sh562530,中证1000价值ETF,1.191,-0.003,-0.251,1.19,1.193,1.194,1.188,1.199,1.186,663500,791413
653,sh562520,中证1000成长ETF,1.066,-0.007,-0.652,1.066,1.068,1.073,1.069,1.077,1.065,1370400,1470224
654,sh562510,旅游ETF,0.675,-0.001,-0.148,0.674,0.675,0.676,0.677,0.678,0.674,32528900,21984894
655,sh562500,机器人ETF,0.831,-0.009,-1.071,0.83,0.831,0.84,0.839,0.84,0.828,933017458,777425563
656,sh562390,中药50ETF,0.975,-0.001,-0.102,0.973,0.975,0.976,0.976,0.976,0.97,852300,828602
657,sh562380,央企科技引领ETF,0.903,-0.002,-0.221,0.904,0.905,0.905,0.9,0.913,0.898,6755100,6108285
658,sh562360,机器人ETF基金,0.904,-0.009,-0.986,0.903,0.904,0.913,0.913,0.913,0.9,14553500,13172686
659,sh562350,电力指数ETF,1.046,0.011,1.063,1.046,1.047,1.035,1.033,1.047,1.029,5654300,5902618
660,sh562340,中证500成长ETF,1.072,0.001,0.093,1.072,1.074,1.071,1.066,1.075,1.066,288200,308969
661,sh562330,中证500价值ETF,1.009,0.004,0.398,1.003,1.011,1.005,1.003,1.009,1.002,920100,924890
662,sh562320,沪深300价值ETF,1.321,0.012,0.917,1.321,1.322,1.309,1.308,1.329,1.305,8867800,11705125
663,sh562310,沪深300成长ETF,0.786,0.0,0.0,0.785,0.787,0.786,0.784,0.794,0.782,17122585,13483337
664,sh562300,碳中和ETF基金,0.556,-0.001,-0.18,0.555,0.559,0.557,0.555,0.56,0.555,191300,106205
665,sh562260,汽车配件ETF,1.08,0.0,0.0,0.0,0.0,1.08,0.0,0.0,0.0,0,0
666,sh562080,300现金流ETF,1.072,0.003,0.281,1.074,1.075,1.069,1.07,1.078,1.066,30583820,32780715
667,sh562060,标普红利ETF,1.169,0.003,0.257,1.167,1.17,1.166,1.166,1.172,1.162,26395600,30824026
668,sh562050,药ETF,1.002,0.002,0.2,1.002,1.004,1.0,1.0,1.008,0.997,46103900,46262254
669,sh562030,信创ETF基金,0.951,-0.002,-0.21,0.95,0.951,0.953,0.953,0.965,0.944,13379700,12744747
670,sh562010,绿色能源ETF,0.729,-0.004,-0.546,0.725,0.729,0.733,0.727,0.733,0.725,41800,30455
671,sh562000,中证A100ETF基金,0.973,0.003,0.309,0.973,0.974,0.97,0.971,0.981,0.967,25400800,24745832
672,sh561990,沪深300增强ETF,0.897,0.002,0.223,0.897,0.898,0.895,0.892,0.905,0.891,38396600,34456480
673,sh561980,半导体设备ETF,1.293,0.01,0.779,1.292,1.294,1.283,1.282,1.317,1.27,46029400,59569097
674,sh561960,央企回报ETF,1.108,0.002,0.181,1.107,1.109,1.106,1.102,1.112,1.102,3182842,3527646
675,sh561950,500指数增强ETF,1.116,-0.001,-0.09,1.115,1.116,1.117,1.117,1.124,1.111,5021900,5619270
676,sh561930,沪深300ETF招商,1.279,0.008,0.629,1.277,1.279,1.271,1.27,1.288,1.27,55587300,70940579
677,sh561920,疫苗龙头ETF,0.715,0.003,0.421,0.715,0.717,0.712,0.714,0.72,0.706,541400,385747
678,sh561910,电池ETF,0.494,-0.009,-1.789,0.495,0.496,0.503,0.503,0.503,0.493,97713800,48499524
679,sh561900,沪深300ESGETF,0.851,0.001,0.118,0.852,0.853,0.85,0.85,0.859,0.848,8020300,6838695
680,sh561880,A100ETF基金,1.048,0.002,0.191,1.048,1.049,1.046,1.046,1.057,1.043,13941200,14653794
681,sh561870,自由现金流ETF全指,1.048,0.002,0.191,1.046,1.048,1.046,1.046,1.055,1.045,3612000,3795052
682,sh561800,稀有金属ETF基金,0.577,-0.01,-1.704,0.576,0.577,0.587,0.586,0.586,0.575,5941000,3434031
683,sh561790,央企现代能源ETF,1.086,0.001,0.092,1.084,1.087,1.085,1.088,1.09,1.082,5892357,6405657
684,sh561780,1000增强ETF,1.19,-0.001,-0.084,1.189,1.191,1.191,1.179,1.2,1.179,4280700,5095696
685,sh561770,中证A100指数ETF,1.029,0.002,0.195,1.028,1.029,1.027,1.027,1.037,1.023,15676600,16131772
686,sh561760,油气ETF博时,0.939,-0.005,-0.53,0.939,0.94,0.944,0.94,0.942,0.938,4732200,4448923
687,sh561750,中证A50ETF博时,1.014,0.003,0.297,1.014,1.016,1.011,1.009,1.024,1.009,7029600,7154279
688,sh561700,电力ETF基金,1.042,0.011,1.067,1.039,1.042,1.031,1.032,1.044,1.03,6967100,7240222
689,sh561600,消费电子ETF,0.81,-0.007,-0.857,0.809,0.81,0.817,0.816,0.819,0.807,12402300,10075200
690,sh561590,中证1000增强ETF,1.112,0.003,0.271,1.107,1.112,1.109,1.109,1.116,1.104,6451100,7153290
691,sh561580,央企红利ETF,1.242,0.011,0.894,1.241,1.242,1.231,1.231,1.248,1.231,18394693,22827301
692,sh561570,油气ETF华泰柏瑞,0.963,-0.002,-0.207,0.961,0.964,0.965,0.963,0.968,0.961,3356700,3238530
693,sh561560,电力ETF,1.197,0.01,0.842,1.196,1.197,1.187,1.185,1.2,1.185,58698400,70242908
694,sh561550,500增强ETF,0.98,-0.003,-0.305,0.981,0.982,0.983,0.983,0.99,0.978,20332100,19957598
695,sh561510,中药ETF华泰柏瑞,1.038,-0.001,-0.096,1.038,1.039,1.039,1.039,1.04,1.034,947500,982520
696,sh561500,漂亮50ETF,0.662,-0.001,-0.151,0.662,0.665,0.663,0.664,0.669,0.661,1424900,945864
697,sh561380,电网ETF,1.021,-0.006,-0.584,1.021,1.022,1.027,1.017,1.03,1.015,10887000,11171357
698,sh561370,2000ETF,1.162,-0.002,-0.172,1.162,1.165,1.164,1.169,1.19,1.156,3475900,4042066
699,sh561360,石油ETF,1.027,-0.001,-0.097,1.026,1.028,1.028,1.027,1.03,1.023,15000503,15394484
700,sh561350,国泰中证500ETF,0.935,-0.002,-0.213,0.934,0.938,0.937,0.935,0.945,0.932,25667000,24023688
701,sh561330,矿业ETF,1.106,-0.018,-1.601,1.105,1.106,1.124,1.116,1.118,1.101,2068200,2291521
702,sh561320,交运ETF,0.962,0.003,0.313,0.961,0.965,0.959,0.959,0.965,0.959,561700,539473
703,sh561310,消电ETF,0.784,-0.006,-0.759,0.783,0.788,0.79,0.79,0.794,0.782,11706800,9234499
704,sh561300,300增强ETF,0.85,0.003,0.354,0.849,0.85,0.847,0.847,0.857,0.845,37633917,32035851
705,sh561280,中证1000ETF增强,1.225,-0.003,-0.244,1.223,1.225,1.228,1.228,1.236,1.222,1569000,1923456
706,sh561260,能源ETF,1.087,0.004,0.369,1.084,1.087,1.083,1.084,1.09,1.084,4499797,4889438
707,sh561230,中证A50ETF基金,1.137,0.005,0.442,1.137,1.139,1.132,1.13,1.146,1.129,42768300,48540202
708,sh561220,数字经济ETF工银,1.026,0.001,0.098,1.026,1.027,1.025,1.023,1.04,1.019,12805700,13205411
709,sh561200,中证A100ETF工银,1.203,0.01,0.838,1.203,1.205,1.193,1.203,1.212,1.201,756900,911175
710,sh561190,双碳ETF,0.774,-0.003,-0.386,0.773,0.774,0.777,0.777,0.78,0.771,9338900,7243732
711,sh561180,A100ETF,1.09,0.001,0.092,1.089,1.092,1.089,1.086,1.098,1.086,3237700,3528395
712,sh561170,绿色电力ETF,1.088,0.011,1.021,1.087,1.089,1.077,1.077,1.091,1.077,17190300,18693982
713,sh561160,锂电池ETF,0.496,-0.008,-1.587,0.495,0.496,0.504,0.503,0.504,0.494,32673200,16246246
714,sh561130,国货ETF,0.787,0.0,0.0,0.787,0.788,0.787,0.787,0.795,0.784,13390700,10561510
715,sh561120,家电ETF,1.2,-0.005,-0.415,1.2,1.202,1.205,1.205,1.209,1.199,11158000,13419853
716,sh561100,消费电子ETF富国,0.868,-0.008,-0.913,0.867,0.868,0.876,0.883,0.883,0.863,22808200,19822555
717,sh561090,中证A500增强ETF,1.008,-0.001,-0.099,1.007,1.009,1.009,1.001,1.014,1.001,45390400,45824663
718,sh561080,全指现金流ETF华安,1.053,-0.001,-0.095,1.053,1.054,1.054,1.049,1.059,1.049,14214800,15013433
719,sh561060,国企红利ETF,1.106,0.005,0.454,1.105,1.107,1.101,1.1,1.109,1.094,1817500,2008371
720,sh561010,软件ETF基金,1.069,0.005,0.47,1.068,1.069,1.064,1.056,1.086,1.053,5101500,5444882
721,sh561000,沪深300ETF增强基金,1.139,0.003,0.264,1.141,1.142,1.136,1.133,1.149,1.133,5754100,6560376
722,sh560990,中金科技先锋ETF,0.838,0.002,0.239,0.831,0.838,0.836,0.835,0.846,0.832,2452700,2067619
723,sh560980,光伏ETF龙头,0.456,-0.004,-0.87,0.455,0.456,0.46,0.463,0.463,0.454,41229000,18836194
724,sh560950,500ETF增强,1.097,-0.003,-0.273,1.097,1.098,1.1,1.095,1.103,1.094,3238600,3556993
725,sh560900,创新药企ETF,0.883,0.008,0.914,0.882,0.883,0.875,0.878,0.887,0.874,8545000,7532662
726,sh560890,红利低波ETF新华,1.258,0.012,0.963,1.258,1.259,1.246,1.252,1.264,1.252,530300,666690
727,sh560880,家电ETF龙头,1.404,0.0,0.0,1.404,1.405,1.404,1.401,1.411,1.399,15751300,22123795
728,sh560860,工业有色ETF,0.902,-0.007,-0.77,0.901,0.902,0.909,0.908,0.91,0.897,41676000,37596049
729,sh560850,信创50ETF,1.265,-0.001,-0.079,1.264,1.265,1.266,1.264,1.283,1.254,15698600,19888721
730,sh560820,中证A50ETF新华,1.054,0.006,0.573,1.052,1.054,1.048,1.045,1.061,1.045,838500,882480
731,sh560810,央企ESGETF,0.971,0.002,0.206,0.968,0.971,0.969,0.966,0.974,0.965,1227800,1193143
732,sh560800,数字经济ETF,0.759,0.0,0.0,0.758,0.759,0.759,0.759,0.769,0.752,19139700,14549401
733,sh560780,芯片设备ETF,1.148,0.006,0.525,1.147,1.148,1.142,1.145,1.171,1.129,5790700,6654105
734,sh560750,A500ETF申万菱信,1.053,0.002,0.19,1.053,1.055,1.051,1.051,1.062,1.049,9940600,10467968
735,sh560700,央企红利50ETF,1.067,0.004,0.376,1.066,1.067,1.063,1.066,1.071,1.063,14937917,15926483
736,sh560690,电信ETF基金,1.384,-0.01,-0.717,1.38,1.384,1.394,1.391,1.393,1.384,42500,58916
737,sh560680,消费ETF龙头,0.872,0.001,0.115,0.871,0.872,0.871,0.871,0.875,0.867,17574000,15291802
738,sh560660,云50ETF,1.185,-0.003,-0.253,1.187,1.196,1.188,1.188,1.204,1.185,3146000,3760846
739,sh560650,核心50ETF,0.846,0.0,0.0,0.844,0.846,0.846,0.844,0.855,0.844,1027900,873624
740,sh560630,机器人产业ETF,0.908,-0.008,-0.873,0.908,0.909,0.916,0.916,0.918,0.905,10666900,9714928
741,sh560620,公用事业ETF基金,0.924,0.003,0.326,0.924,0.925,0.921,0.924,0.928,0.919,752800,697147
742,sh560610,A500指数ETF,0.972,0.001,0.103,0.972,0.973,0.971,0.97,0.982,0.968,481739250,469070219
743,sh560590,1000ETF增强,1.16,-0.001,-0.086,1.16,1.178,1.161,1.154,1.172,1.154,780700,906612
744,sh560580,电力ETF南方,1.042,0.006,0.579,1.042,1.043,1.036,1.036,1.047,1.036,2435300,2542822
745,sh560560,碳中和ETF泰康,0.551,-0.003,-0.542,0.551,0.553,0.554,0.554,0.556,0.55,5616900,3099571
746,sh560550,碳中和ETF龙头,0.775,-0.002,-0.257,0.774,0.775,0.777,0.777,0.78,0.773,2121000,1642657
747,sh560530,中证A500ETF摩根,1.003,0.002,0.2,1.002,1.004,1.001,1.001,1.012,0.999,291100303,291934753
748,sh560520,红利低波动100ETF基金,1.098,0.004,0.366,1.099,1.105,1.094,1.093,1.103,1.093,93100,102244
749,sh560510,中证A500ETF,0.972,0.002,0.206,0.972,0.973,0.97,0.969,0.981,0.968,111389505,108312409
750,sh560500,500质量成长ETF,0.99,0.001,0.101,0.99,0.991,0.989,0.993,0.997,0.986,1722100,1704417
751,sh560380,A100ETF南方,1.016,0.003,0.296,1.016,1.017,1.013,1.011,1.024,1.011,8287900,8412256
752,sh560360,软件指数ETF,1.373,-0.002,-0.145,1.373,1.375,1.375,1.37,1.394,1.35,2125300,2925823
753,sh560350,中证A50ETF指数基金,1.134,0.006,0.532,1.133,1.134,1.128,1.127,1.143,1.125,89061457,100685073
754,sh560330,沪深300价值ETF申万菱信,1.234,0.011,0.899,1.234,1.235,1.223,1.224,1.243,1.221,5862000,7243682
755,sh560300,电信50ETF,1.439,-0.013,-0.895,1.439,1.44,1.452,1.448,1.455,1.439,1661600,2407026
756,sh560280,工程机械ETF,1.287,-0.007,-0.541,1.286,1.287,1.294,1.288,1.293,1.283,5662100,7292408
757,sh560260,医疗ETF龙头,0.826,-0.002,-0.242,0.826,0.828,0.828,0.83,0.835,0.826,12329300,10236519
758,sh560220,中证2000ETF基金,1.25,-0.019,-1.497,1.25,1.251,1.269,1.269,1.269,1.248,4329100,5442983
759,sh560190,公用事业ETF,0.989,0.001,0.101,0.987,0.994,0.988,0.991,0.995,0.989,1205100,1195500
760,sh560180,沪深300ESGETF南方,1.026,0.004,0.391,1.025,1.026,1.022,1.021,1.032,1.02,9182400,9406495
761,sh560170,央企科技ETF,0.873,-0.002,-0.229,0.872,0.873,0.875,0.875,0.881,0.867,36713666,32034492
762,sh560150,红利低波ETF泰康,1.21,0.011,0.917,1.208,1.21,1.199,1.199,1.215,1.199,9013100,10870231
763,sh560110,中证1000ETF基金,0.929,-0.001,-0.108,0.929,0.93,0.93,0.93,0.939,0.925,24553900,22851849
764,sh560100,中证500增强ETF,1.002,-0.002,-0.199,1.002,1.01,1.004,1.002,1.01,0.999,13340400,13391724
765,sh560090,证券ETF龙头,1.214,0.0,0.0,1.213,1.214,1.214,1.214,1.235,1.203,76188600,92771370
766,sh560080,中药ETF,1.064,0.001,0.094,1.063,1.064,1.063,1.064,1.067,1.058,25040722,26604667
767,sh560070,央企红利ETF基金,1.056,0.002,0.19,1.055,1.056,1.054,1.054,1.06,1.044,5017875,5296357
768,sh560060,碳中和ETF,0.758,-0.004,-0.525,0.758,0.759,0.762,0.76,0.764,0.756,2889000,2195244
769,sh560050,MSCI中国A50ETF,0.845,0.005,0.595,0.844,0.845,0.84,0.838,0.852,0.837,71183088,60121452
770,sh560030,800价值ETF,1.252,0.009,0.724,1.252,1.253,1.243,1.241,1.261,1.241,778700,976930
771,sh560020,红利ETF汇添富,1.105,0.006,0.546,1.105,1.107,1.099,1.103,1.111,1.103,1228900,1360896
772,sh560010,中证1000ETF指数,2.588,-0.01,-0.385,2.587,2.589,2.598,2.595,2.614,2.578,73204448,189606774
773,sh560000,智慧电车ETF,0.662,-0.004,-0.601,0.658,0.662,0.666,0.661,0.666,0.658,563200,372408
774,sh530880,红利ETF国企,1.034,0.006,0.584,1.032,1.034,1.028,1.026,1.039,1.026,13226300,13694662
775,sh530800,上证180ETF基金,1.057,0.002,0.19,1.056,1.057,1.055,1.052,1.064,1.052,7569100,7998373
776,sh530680,上证180指数ETF基金,1.039,0.006,0.581,1.038,1.039,1.033,1.031,1.046,1.031,28783300,29843059
777,sh530580,上证180ETF南方,1.014,0.004,0.396,1.014,1.016,1.01,1.01,1.022,1.009,32853000,33356333
778,sh530300,上证180ETF华泰柏瑞,1.054,0.004,0.381,1.054,1.058,1.05,1.052,1.063,1.05,12400100,13092861
779,sh530280,上证180ETF指数基金,1.054,0.006,0.573,1.055,1.056,1.048,1.049,1.061,1.049,682900,719001
780,sh530180,上证180ETF易方达,1.02,0.004,0.394,1.019,1.02,1.016,1.015,1.028,1.015,9457600,9653816
781,sh530080,上证180ETF天弘,1.062,0.004,0.378,1.059,1.063,1.058,1.056,1.069,1.056,9647600,10236008
782,sh530050,上证50ETF东财,1.056,0.004,0.38,1.056,1.057,1.052,1.055,1.065,1.048,1509100,1596714
783,sh530000,上证50ETF天弘,1.247,0.005,0.403,1.246,1.249,1.242,1.241,1.258,1.232,2599000,3244048
784,sh520990,港股央企红利50ETF,0.951,-0.001,-0.105,0.951,0.952,0.952,0.951,0.954,0.948,79047400,75244934
785,sh520980,港股通科技30ETF,0.995,-0.005,-0.5,0.995,0.996,1.0,0.996,1.01,0.981,110404600,110166424
786,sh520940,港股通恒生ETF,1.006,-0.004,-0.396,1.005,1.007,1.01,1.013,1.013,0.999,4726300,4740909
787,sh520900,红利ETF港股,0.969,-0.005,-0.513,0.969,0.97,0.974,0.974,0.974,0.967,130788500,127007021
788,sh520890,港股通红利低波ETF,1.384,-0.002,-0.144,1.384,1.385,1.386,1.386,1.389,1.375,2834800,3921405
789,sh520830,沙特ETF,0.958,0.004,0.419,0.958,0.959,0.954,0.956,0.962,0.956,141307801,135533030
790,sh520700,港股创新药ETF基金,1.481,0.015,1.023,1.48,1.481,1.466,1.463,1.494,1.452,359353300,529458721
791,sh520660,港股通央企红利ETF南方,0.97,-0.003,-0.308,0.97,0.971,0.973,0.973,0.973,0.967,30235800,29346728
792,sh520600,港股汽车ETF,1.158,-0.014,-1.195,1.158,1.159,1.172,1.169,1.173,1.155,214583500,249291422
793,sh520580,新兴亚洲ETF,1.01,-0.001,-0.099,1.01,1.011,1.011,1.013,1.013,1.009,15933371,16102837
794,sh520550,港股红利低波ETF,1.178,-0.001,-0.085,1.177,1.178,1.179,1.179,1.185,1.171,91174500,107398849
795,sh520520,恒生消费ETF华泰柏瑞,1.114,-0.004,-0.358,1.111,1.114,1.118,1.115,1.117,1.104,24863900,27561445
796,sh520500,恒生创新药ETF,1.641,0.013,0.799,1.64,1.641,1.628,1.622,1.661,1.61,756034800,1236074786
797,sh518890,中银上海金ETF,7.42,-0.039,-0.523,7.414,7.43,7.459,7.402,7.43,7.393,996900,7389691
798,sh518880,黄金ETF,7.407,-0.038,-0.51,7.406,7.407,7.445,7.4,7.413,7.376,257229100,1902194152
799,sh518860,黄金ETFAU,7.422,-0.04,-0.536,7.421,7.425,7.462,7.405,7.436,7.393,2113900,15666899
800,sh518850,黄金ETF华夏,7.447,-0.038,-0.508,7.447,7.448,7.485,7.44,7.453,7.415,32608916,242345367
801,sh518800,黄金基金ETF,7.317,-0.038,-0.517,7.316,7.318,7.355,7.31,7.323,7.287,17288200,126304109
802,sh518680,金ETF,7.725,-0.037,-0.477,7.726,7.727,7.762,7.724,7.73,7.693,10789501,83200712
803,sh518660,黄金ETF基金,7.397,-0.038,-0.511,7.397,7.398,7.435,7.386,7.404,7.368,11739800,86714605
804,sh518600,上海金ETF,7.721,-0.041,-0.528,7.721,7.724,7.762,7.736,7.736,7.692,4808850,37076882
805,sh517990,医药ETF沪港深,0.854,0.002,0.235,0.854,0.856,0.852,0.865,0.865,0.849,1112100,952456
806,sh517900,银行AH优选ETF,1.646,0.021,1.292,1.645,1.646,1.625,1.623,1.655,1.619,34746900,57011344
807,sh517880,品牌消费ETF,0.869,-0.002,-0.23,0.867,0.869,0.871,0.867,0.874,0.863,5433400,4716441
808,sh517850,张江ETF,0.896,0.0,0.0,0.894,0.897,0.896,0.892,0.905,0.888,799300,717200
809,sh517800,人工智能50ETF,0.739,-0.002,-0.27,0.738,0.739,0.741,0.741,0.744,0.735,10918300,8064190
810,sh517770,游戏传媒ETF,1.056,0.011,1.053,1.055,1.056,1.045,1.045,1.066,1.038,4300600,4524060
811,sh517660,物联网ETF沪港深,0.959,-0.009,-0.93,0.959,0.96,0.968,0.962,0.966,0.957,2554600,2453375
812,sh517550,消费ETF沪港深,0.767,-0.004,-0.519,0.766,0.767,0.771,0.766,0.772,0.762,2628600,2012080
813,sh517520,黄金股ETF,1.492,-0.015,-0.995,1.491,1.492,1.507,1.498,1.501,1.475,94944900,141005910
814,sh517400,黄金股票ETF,1.185,-0.011,-0.92,1.184,1.185,1.196,1.188,1.192,1.174,8362877,9878064
815,sh517390,云计算ETF沪港深,1.147,-0.003,-0.261,1.148,1.149,1.15,1.155,1.165,1.146,11337700,13091620
816,sh517380,创新药ETF天弘,0.678,0.009,1.345,0.677,0.678,0.669,0.669,0.68,0.665,21892000,14740739
817,sh517360,沪港深科技ETF,1.031,-0.006,-0.579,1.028,1.031,1.037,1.029,1.056,1.023,323800,333975
818,sh517350,科技ETF沪港深,0.756,-0.003,-0.395,0.755,0.756,0.759,0.758,0.763,0.75,934400,705163
819,sh517330,长江保护ETF,0.758,-0.002,-0.263,0.756,0.758,0.76,0.76,0.761,0.756,68800,52171
820,sh517300,沪港深300ETF,0.816,-0.001,-0.122,0.815,0.816,0.817,0.814,0.822,0.812,2769100,2264760
821,sh517200,互联网ETF,0.722,-0.002,-0.276,0.72,0.722,0.724,0.724,0.731,0.714,3481800,2515619
822,sh517180,中国国企ETF,1.461,0.005,0.343,1.46,1.461,1.456,1.454,1.463,1.451,19882300,28978268
823,sh517170,沪港深ETF,0.899,-0.003,-0.333,0.899,0.901,0.902,0.897,0.906,0.897,427200,384520
824,sh517160,长江保护主题ETF,0.758,0.003,0.397,0.752,0.754,0.755,0.757,0.758,0.753,22800,17250
825,sh517120,创新药ETF华泰柏瑞,0.634,0.001,0.158,0.634,0.635,0.633,0.633,0.639,0.625,17448300,11063852
826,sh517110,创新药ETF国泰,0.668,0.006,0.906,0.668,0.669,0.662,0.665,0.674,0.658,14531300,9674646
827,sh517100,AH500ETF,0.895,-0.002,-0.223,0.892,0.895,0.897,0.9,0.9,0.89,982300,879848
828,sh517090,央企共赢ETF,1.505,0.005,0.333,1.502,1.503,1.5,1.498,1.507,1.498,6172900,9277720
829,sh517080,沪港深500ETF基金,0.881,-0.002,-0.227,0.882,0.883,0.883,0.883,0.889,0.878,1368000,1209048
830,sh517050,互联网ETF华泰柏瑞,0.801,-0.002,-0.249,0.8,0.801,0.803,0.801,0.811,0.793,6471000,5195735
831,sh517030,沪港深300ETF易方达,0.986,0.004,0.407,0.985,0.988,0.982,0.985,0.994,0.981,210800,207576
832,sh517010,沪港深500ETF易方达,0.995,0.003,0.302,0.99,1.0,0.992,0.991,1.001,0.985,4718100,4661761
833,sh517000,沪港深500ETF,0.888,-0.002,-0.225,0.886,0.89,0.89,0.895,0.896,0.878,842900,750351
834,sh516980,证券ETF先锋,1.112,0.002,0.18,1.108,1.112,1.11,1.11,1.129,1.099,2031700,2257698
835,sh516970,基建50ETF,1.071,0.0,0.0,1.07,1.071,1.071,1.068,1.076,1.068,32391066,34739748
836,sh516960,机械ETF,0.736,-0.001,-0.136,0.735,0.736,0.737,0.737,0.741,0.732,224200,164927
837,sh516950,基建ETF,1.05,-0.003,-0.285,1.05,1.051,1.053,1.049,1.057,1.049,19367100,20393731
838,sh516930,生物科技ETF基金,0.5,0.004,0.806,0.499,0.5,0.496,0.496,0.502,0.496,772600,385606
839,sh516920,芯片50ETF,0.722,-0.003,-0.414,0.722,0.723,0.725,0.725,0.734,0.716,12927000,9364369
840,sh516910,物流ETF,1.066,0.0,0.0,1.066,1.067,1.066,1.063,1.072,1.061,15477000,16531413
841,sh516900,食品饮料ETF基金,0.588,0.0,0.0,0.587,0.588,0.588,0.589,0.59,0.585,8287000,4869234
842,sh516890,新材料ETF指数基金,0.515,-0.001,-0.194,0.514,0.516,0.516,0.515,0.52,0.512,671300,347299
843,sh516880,光伏50ETF,0.58,-0.003,-0.515,0.579,0.58,0.583,0.589,0.589,0.577,48277723,28070261
844,sh516860,金融科技ETF,1.395,0.021,1.528,1.393,1.394,1.374,1.377,1.427,1.357,212332700,295097795
845,sh516850,新能源ETF基金,0.697,-0.005,-0.712,0.695,0.697,0.702,0.702,0.703,0.694,9046400,6313313
846,sh516830,300ESGETF,0.867,0.005,0.58,0.866,0.867,0.862,0.862,0.872,0.861,7469100,6473201
847,sh516820,医疗创新ETF,0.354,0.001,0.283,0.353,0.354,0.353,0.353,0.356,0.352,107395700,38031476
848,sh516810,农业50ETF,0.743,-0.001,-0.134,0.744,0.745,0.744,0.743,0.746,0.739,23189900,17205935
849,sh516800,智能制造ETF,1.114,-0.007,-0.624,1.114,1.118,1.121,1.122,1.13,1.1,3895700,4356592
850,sh516790,医疗ETF华泰柏瑞,0.57,0.002,0.352,0.568,0.57,0.568,0.568,0.573,0.568,5524900,3159391
851,sh516780,稀土ETF,1.126,-0.017,-1.487,1.125,1.126,1.143,1.143,1.143,1.121,60152890,67845651
852,sh516770,游戏ETF华泰柏瑞,1.336,0.029,2.219,1.334,1.337,1.307,1.302,1.353,1.299,23753700,31574185
853,sh516760,养殖ETF,0.646,0.0,0.0,0.646,0.647,0.646,0.646,0.649,0.644,4576100,2959788
854,sh516750,建材ETF,0.632,-0.003,-0.472,0.63,0.632,0.635,0.633,0.638,0.63,16638800,10534520
855,sh516730,证券公司ETF,1.017,0.0,0.0,1.015,1.017,1.017,1.023,1.033,1.008,8078700,8247338
856,sh516720,ESGETF,0.919,0.005,0.547,0.916,0.919,0.914,0.912,0.924,0.911,1474300,1352382
857,sh516710,新材料50ETF,0.493,0.003,0.612,0.489,0.493,0.49,0.489,0.495,0.488,520200,255534
858,sh516700,大数据产业ETF,0.894,0.003,0.337,0.894,0.895,0.891,0.894,0.905,0.89,10098400,9077509
859,sh516670,畜牧养殖ETF,0.668,0.0,0.0,0.668,0.669,0.668,0.668,0.672,0.665,35141200,23512574
860,sh516660,新能源车ETF基金,0.771,-0.011,-1.407,0.769,0.771,0.782,0.782,0.782,0.77,785500,606686
861,sh516650,有色金属ETF基金,1.127,-0.015,-1.313,1.126,1.127,1.142,1.143,1.143,1.121,11071400,12466384
862,sh516640,芯片龙头ETF,0.742,-0.001,-0.135,0.741,0.742,0.743,0.745,0.753,0.734,40356348,29947114
863,sh516630,云计算50ETF,1.133,0.002,0.177,1.132,1.133,1.131,1.139,1.147,1.131,12907500,14691318
864,sh516620,影视ETF,0.981,-0.007,-0.709,0.98,0.981,0.988,0.989,0.989,0.977,5403500,5319945
865,sh516610,医疗服务ETF,0.474,-0.001,-0.211,0.475,0.476,0.475,0.477,0.478,0.474,8736300,4159203
866,sh516600,消费服务ETF,0.614,0.003,0.491,0.614,0.616,0.611,0.613,0.619,0.61,9865100,6059993
867,sh516590,智能汽车ETF易方达,0.959,-0.005,-0.519,0.957,0.961,0.964,0.964,0.969,0.955,11637200,11191562
868,sh516580,新能源主题ETF,0.451,-0.003,-0.661,0.449,0.451,0.454,0.454,0.455,0.449,4872200,2207311
869,sh516570,化工行业ETF,0.728,-0.006,-0.817,0.728,0.729,0.734,0.738,0.738,0.727,6811100,4979108
870,sh516560,养老ETF,0.843,-0.001,-0.118,0.841,0.843,0.844,0.845,0.847,0.839,3117100,2625982
871,sh516550,农业ETF,0.67,-0.003,-0.446,0.669,0.67,0.673,0.672,0.672,0.667,11030900,7391319
872,sh516530,物流快递ETF,0.92,0.001,0.109,0.916,0.925,0.919,0.922,0.925,0.919,595200,547930
873,sh516520,智能驾驶ETF,1.05,-0.007,-0.662,1.049,1.05,1.057,1.058,1.061,1.044,15717000,16538808
874,sh516510,云计算ETF,1.166,-0.001,-0.086,1.165,1.166,1.167,1.165,1.183,1.165,160765936,188694531
875,sh516500,生物科技ETF,0.621,0.005,0.812,0.621,0.623,0.616,0.618,0.625,0.615,3075600,1907955
876,sh516480,新材料ETF基金,0.61,-0.002,-0.327,0.609,0.61,0.612,0.609,0.616,0.607,654000,398961
877,sh516460,现金流ETF800,1.048,0.002,0.191,1.046,1.048,1.046,1.048,1.055,1.048,872000,915939
878,sh516390,新能源汽车ETF,0.68,-0.008,-1.163,0.677,0.68,0.688,0.688,0.688,0.676,17185600,11715499
879,sh516380,智能电动车ETF,0.764,-0.004,-0.521,0.762,0.769,0.768,0.765,0.772,0.759,1398800,1067032
880,sh516360,新材料ETF,0.682,-0.002,-0.292,0.682,0.685,0.684,0.682,0.689,0.678,1236600,843590
881,sh516350,芯片ETF易方达,0.828,-0.001,-0.121,0.827,0.828,0.829,0.827,0.84,0.82,31879200,26470970
882,sh516330,物联网ETF,0.989,-0.006,-0.603,0.986,0.988,0.995,1.003,1.003,0.986,822300,814319
883,sh516320,高端装备ETF,0.738,-0.002,-0.27,0.736,0.738,0.74,0.74,0.743,0.735,2346500,1731088
884,sh516310,银行ETF易方达,1.465,0.029,2.019,1.462,1.465,1.436,1.436,1.471,1.435,35406500,51486785
885,sh516300,中证1000ETF华泰柏瑞,2.604,-0.009,-0.344,2.603,2.618,2.613,2.61,2.632,2.594,2842988,7421851
886,sh516290,光伏龙头ETF,0.427,-0.002,-0.466,0.426,0.427,0.429,0.433,0.435,0.425,52998700,22728350
887,sh516270,新能源50ETF,0.445,-0.005,-1.111,0.444,0.445,0.45,0.452,0.452,0.444,16883500,7534696
888,sh516260,物联网50ETF,0.851,-0.006,-0.7,0.851,0.852,0.857,0.853,0.859,0.851,415800,354574
889,sh516220,化工龙头ETF,0.631,-0.006,-0.942,0.63,0.631,0.637,0.639,0.639,0.63,16275300,10291566
890,sh516210,银行ETF指数基金,1.51,0.027,1.821,1.51,1.511,1.483,1.483,1.517,1.479,7585900,11404097
891,sh516200,证券ETF指数基金,1.082,-0.001,-0.092,1.081,1.082,1.083,1.079,1.1,1.072,9116200,9899301
892,sh516190,文娱传媒ETF,1.041,0.008,0.774,1.039,1.041,1.033,1.033,1.049,1.03,2295900,2384882
893,sh516180,光伏ETF基金,0.566,-0.004,-0.702,0.565,0.566,0.57,0.578,0.578,0.564,12370500,7022990
894,sh516160,新能源ETF,1.913,-0.016,-0.829,1.912,1.913,1.929,1.929,1.937,1.907,46118557,88376670
895,sh516150,稀土ETF嘉实,1.169,-0.016,-1.35,1.168,1.169,1.185,1.185,1.185,1.162,81855371,95654713
896,sh516130,消费龙头ETF,0.753,0.0,0.0,0.753,0.754,0.753,0.753,0.757,0.75,3325500,2506621
897,sh516120,化工50ETF,0.615,-0.006,-0.966,0.614,0.615,0.621,0.622,0.625,0.614,10406700,6419069
898,sh516110,汽车ETF,1.295,0.001,0.077,1.294,1.295,1.294,1.29,1.305,1.285,20740200,26890753
899,sh516100,金融科技ETF华夏,1.335,0.016,1.213,1.335,1.336,1.319,1.317,1.367,1.302,51902200,69446171
900,sh516090,新能源ETF易方达,0.372,-0.003,-0.8,0.371,0.372,0.375,0.375,0.376,0.371,47451300,17695059
901,sh516080,创新药ETF易方达,0.638,0.004,0.631,0.637,0.638,0.634,0.638,0.643,0.632,19437600,12403240
902,sh516070,低碳ETF易方达,0.451,-0.002,-0.442,0.45,0.451,0.453,0.455,0.455,0.449,21334400,9629820
903,sh516060,创新药产业ETF,0.564,0.004,0.714,0.563,0.564,0.56,0.557,0.568,0.555,7846400,4415618
904,sh516050,科技龙头ETF,0.714,0.0,0.0,0.714,0.716,0.714,0.714,0.723,0.712,8564400,6137269
905,sh516020,化工ETF,0.605,-0.007,-1.144,0.606,0.607,0.612,0.612,0.612,0.605,24694100,15018300
906,sh516010,游戏ETF,1.287,0.031,2.468,1.287,1.288,1.256,1.252,1.302,1.25,123166569,157397228
907,sh516000,数据ETF,0.916,0.002,0.219,0.916,0.917,0.914,0.914,0.928,0.912,14606300,13443590
908,sh515990,国企一带一路ETF,1.285,0.002,0.156,1.284,1.287,1.283,1.28,1.291,1.28,601000,773475
909,sh515980,人工智能ETF,1.023,-0.003,-0.292,1.022,1.023,1.026,1.027,1.035,1.021,106177775,109009846
910,sh515960,医药ETF嘉实,0.787,0.002,0.255,0.786,0.787,0.785,0.787,0.791,0.783,4708700,3702547
911,sh515950,医药龙头ETF,0.903,0.003,0.333,0.903,0.904,0.9,0.905,0.909,0.898,18939400,17128504
912,sh515920,智能消费ETF,0.871,-0.003,-0.343,0.871,0.873,0.874,0.864,0.878,0.863,4400600,3834158
913,sh515910,质量ETF,0.499,-0.001,-0.2,0.498,0.499,0.5,0.499,0.503,0.498,7065100,3533129
914,sh515900,央企创新驱动ETF,1.46,0.0,0.0,1.458,1.46,1.46,1.461,1.467,1.45,15778900,23054124
915,sh515890,红利ETF博时,1.43,0.008,0.563,1.429,1.43,1.422,1.419,1.436,1.419,13870600,19836450
916,sh515880,通信ETF,1.434,-0.02,-1.376,1.434,1.435,1.454,1.452,1.462,1.433,111863287,161694974
917,sh515860,科技ETF嘉实,1.247,0.001,0.08,1.247,1.248,1.246,1.244,1.255,1.24,2138400,2665726
918,sh515850,券商指数ETF,1.387,0.001,0.072,1.386,1.387,1.386,1.386,1.412,1.375,25458700,35335564
919,sh515810,中证800ETF,1.34,0.004,0.299,1.338,1.34,1.336,1.31,1.359,1.31,15852400,21213347
920,sh515800,800ETF,1.042,0.003,0.289,1.041,1.044,1.039,1.039,1.051,1.037,50871600,53024671
921,sh515790,光伏ETF,0.687,-0.004,-0.579,0.686,0.687,0.691,0.698,0.7,0.684,1031567704,711032897
922,sh515770,摩根MSCIAETF,1.188,0.004,0.338,1.187,1.197,1.184,1.184,1.196,1.183,6752700,8021822
923,sh515760,浙江国资ETF,1.37,0.015,1.107,1.37,1.371,1.355,1.355,1.379,1.347,2839800,3886096
924,sh515750,科技50ETF,1.386,-0.007,-0.503,1.386,1.387,1.393,1.393,1.402,1.38,7655500,10643365
925,sh515710,食品ETF,0.598,0.001,0.168,0.597,0.598,0.597,0.596,0.6,0.594,28613200,17087771
926,sh515700,新能车ETF,1.665,-0.026,-1.538,1.665,1.666,1.691,1.691,1.691,1.66,33757100,56371405
927,sh515680,央企创新ETF嘉实,1.468,0.001,0.068,1.465,1.468,1.467,1.466,1.475,1.466,3300200,4848005
928,sh515660,沪深300ETF国联安,4.856,0.022,0.455,4.855,4.865,4.834,4.836,4.898,4.835,955500,4637370
929,sh515650,消费50ETF,1.146,0.001,0.087,1.146,1.147,1.145,1.145,1.151,1.14,29896600,34279162
930,sh515630,保险证券ETF,1.318,0.003,0.228,1.318,1.319,1.315,1.315,1.342,1.303,16607100,21931165
931,sh515600,央企创新ETF,1.459,-0.001,-0.068,1.459,1.461,1.46,1.46,1.467,1.456,4524100,6614781
932,sh515590,500等权ETF,1.486,0.004,0.27,1.485,1.487,1.482,1.486,1.495,1.486,190300,284139
933,sh515580,科技100ETF,0.864,-0.003,-0.346,0.863,0.864,0.867,0.868,0.872,0.861,18265400,15825605
934,sh515560,证券ETF建信,1.034,0.0,0.0,1.033,1.034,1.034,1.033,1.051,1.026,12480900,12999650
935,sh515550,国联中证500ETF,1.307,-0.005,-0.381,1.31,1.316,1.312,1.308,1.324,1.307,2209500,2904636
936,sh515530,中证500ETF泰康,3.192,0.0,0.0,3.186,3.192,3.192,3.177,3.219,3.177,657600,2109067
937,sh515450,红利低波50ETF,1.495,0.014,0.945,1.494,1.495,1.481,1.482,1.499,1.481,111194200,165657358
938,sh515400,大数据ETF,0.847,0.0,0.0,0.847,0.848,0.847,0.845,0.859,0.844,136787160,116557874
939,sh515390,沪深300ETF指数基金,1.141,0.005,0.44,1.141,1.142,1.136,1.138,1.151,1.133,34920200,39819001
940,sh515380,沪深300ETF泰康,4.527,0.017,0.377,4.527,4.53,4.51,4.502,4.565,4.499,9139043,41412033
941,sh515360,方正沪深300ETF,5.456,0.025,0.46,5.455,5.456,5.431,5.433,5.493,5.433,163500,890871
942,sh515350,民生加银300ETF,5.251,0.021,0.402,5.251,5.256,5.23,5.224,5.292,5.224,2536700,13341806
943,sh515330,沪深300ETF天弘,1.129,0.004,0.356,1.128,1.129,1.125,1.125,1.138,1.121,62010400,69833001
944,sh515320,电子50ETF,0.829,0.0,0.0,0.827,0.829,0.829,0.829,0.836,0.823,8121300,6735629
945,sh515310,沪深300指数ETF,1.173,0.004,0.342,1.173,1.174,1.169,1.162,1.184,1.162,26788500,31481377
946,sh515300,300红利低波ETF,1.407,0.013,0.933,1.407,1.408,1.394,1.394,1.413,1.393,85336200,119912135
947,sh515290,银行ETF天弘,1.593,0.029,1.854,1.592,1.593,1.564,1.561,1.6,1.561,47642200,75452556
948,sh515260,电子ETF,0.893,-0.002,-0.223,0.893,0.895,0.895,0.896,0.904,0.889,11651500,10429111
949,sh515250,智能汽车ETF,0.949,-0.005,-0.524,0.948,0.95,0.954,0.954,0.96,0.943,37370686,35510042
950,sh515230,软件ETF,0.825,0.003,0.365,0.824,0.825,0.822,0.822,0.838,0.812,151140000,124795097
951,sh515220,煤炭ETF,1.003,0.0,0.0,1.003,1.004,1.003,1.003,1.015,1.002,353772298,356423117
952,sh515210,钢铁ETF,1.267,0.007,0.556,1.267,1.268,1.26,1.253,1.29,1.253,183947036,234707381
953,sh515200,创新100ETF,1.61,0.019,1.194,1.586,1.61,1.591,1.592,1.612,1.585,2217800,3543852
954,sh515190,中银证券500ETF,1.222,0.0,0.0,1.22,1.224,1.222,1.221,1.232,1.217,30900,37847
955,sh515180,红利ETF易方达,1.404,0.007,0.501,1.404,1.405,1.397,1.397,1.41,1.395,48303600,67837523
956,sh515170,食品饮料ETF,0.562,0.001,0.178,0.561,0.562,0.561,0.56,0.564,0.559,115477205,64794246
957,sh515160,MSCI中国ETF招商,1.325,0.002,0.151,1.324,1.325,1.323,1.318,1.334,1.318,3807600,5051397
958,sh515150,一带一路ETF,1.285,0.001,0.078,1.285,1.286,1.284,1.283,1.292,1.282,3737200,4814856
959,sh515130,沪深300ETF博时,1.281,0.008,0.628,1.279,1.281,1.273,1.274,1.289,1.271,22273600,28477293
960,sh515120,创新药ETF,0.612,0.002,0.328,0.611,0.612,0.61,0.609,0.617,0.606,306679736,187270952
961,sh515110,一带一路ETF易方达,1.366,0.005,0.367,1.364,1.366,1.361,1.36,1.371,1.359,4916300,6714594
962,sh515100,红利低波100ETF,1.513,0.008,0.532,1.513,1.515,1.505,1.503,1.519,1.503,91032690,137678149
963,sh515090,可持续发展ETF,1.21,0.005,0.415,1.211,1.218,1.205,1.207,1.221,1.207,129300,157230
964,sh515080,中证红利ETF,1.556,0.006,0.387,1.556,1.557,1.55,1.548,1.564,1.547,126681831,197341357
965,sh515070,人工智能AIETF,1.204,-0.004,-0.331,1.202,1.203,1.208,1.207,1.218,1.2,73810675,89113762
966,sh515060,房地产ETF基金,0.642,-0.004,-0.619,0.642,0.643,0.646,0.648,0.648,0.642,26744800,17248075
967,sh515050,5G通信ETF,1.184,-0.006,-0.504,1.183,1.184,1.19,1.187,1.198,1.181,155157487,184661864
968,sh515030,新能源车ETF,1.254,-0.017,-1.338,1.253,1.254,1.271,1.268,1.269,1.25,54580368,68643272
969,sh515020,银行ETF基金,1.882,0.031,1.675,1.88,1.882,1.851,1.854,1.892,1.848,16081700,30030485
970,sh515010,券商ETF基金,1.292,-0.001,-0.077,1.292,1.293,1.293,1.291,1.316,1.281,36415100,47162812
971,sh515000,科技ETF,1.358,0.004,0.295,1.358,1.359,1.354,1.353,1.374,1.352,62083377,84598185
972,sh513990,港股通ETF,1.084,-0.005,-0.459,1.083,1.084,1.089,1.092,1.092,1.077,18643300,20239789
973,sh513980,港股科技50ETF,0.706,-0.004,-0.563,0.705,0.706,0.71,0.706,0.716,0.696,2286902206,1616188666
974,sh513970,恒生消费ETF,0.947,-0.003,-0.316,0.946,0.947,0.95,0.949,0.952,0.938,164823000,155901745
975,sh513950,恒生红利ETF,1.37,-0.001,-0.073,1.369,1.37,1.371,1.37,1.375,1.363,44756813,61337247
976,sh513920,港股通央企红利ETF,1.508,0.001,0.066,1.507,1.508,1.507,1.508,1.514,1.5,96302464,145242309
977,sh513910,港股央企红利ETF,1.499,0.0,0.0,1.499,1.5,1.499,1.5,1.508,1.492,73337900,110046379
978,sh513900,港股通100ETF,0.995,-0.009,-0.896,0.995,0.996,1.004,1.0,1.004,0.99,34085800,33983935
979,sh513890,恒生科技HKETF,1.059,-0.005,-0.47,1.059,1.06,1.064,1.056,1.073,1.045,155184300,164365322
980,sh513880,日经225ETF,1.417,-0.004,-0.281,1.417,1.418,1.421,1.422,1.423,1.415,37240400,52841273
981,sh513870,纳指ETF富国,1.551,0.008,0.518,1.551,1.552,1.543,1.557,1.557,1.551,26966000,41889095
982,sh513860,港股通科技ETF,0.703,-0.005,-0.706,0.703,0.704,0.708,0.703,0.715,0.694,605158000,426676362
983,sh513850,美国50ETF,1.444,0.005,0.347,1.443,1.444,1.439,1.449,1.452,1.443,63458400,91746939
984,sh513830,港股红利ETF,1.128,-0.001,-0.089,1.127,1.128,1.129,1.129,1.131,1.122,13781300,15544629
985,sh513820,港股红利ETF基金,1.227,0.0,0.0,1.227,1.228,1.227,1.227,1.233,1.222,84815400,104187622
986,sh513810,港股国企ETF,1.535,-0.004,-0.26,1.534,1.537,1.539,1.534,1.545,1.524,3749900,5752740
987,sh513800,日本东证指数ETF,1.5,-0.003,-0.2,1.499,1.5,1.503,1.505,1.505,1.497,9723800,14581507
988,sh513780,港股创新药50ETF,1.537,0.017,1.118,1.536,1.537,1.52,1.52,1.555,1.504,545952300,835025815
989,sh513770,港股互联网ETF,1.044,-0.005,-0.477,1.044,1.045,1.049,1.044,1.06,1.031,818506481,856728846
990,sh513750,港股通非银ETF,1.488,-0.012,-0.8,1.487,1.488,1.5,1.496,1.516,1.472,630208300,941759825
991,sh513730,东南亚科技ETF,1.205,0.002,0.166,1.205,1.206,1.203,1.211,1.212,1.203,105875900,127816256
992,sh513700,香港医药ETF,0.61,-0.001,-0.164,0.61,0.611,0.611,0.611,0.62,0.603,535937000,327105290
993,sh513690,港股红利ETF博时,1.037,-0.004,-0.384,1.036,1.037,1.041,1.043,1.043,1.031,204831700,212405656
994,sh513660,恒生ETF,2.937,-0.021,-0.71,2.936,2.937,2.958,2.944,2.959,2.917,101238800,296956029
995,sh513650,标普500ETF南方,1.613,0.005,0.311,1.613,1.614,1.608,1.616,1.62,1.613,46229300,74723421
996,sh513630,港股红利指数ETF,1.487,-0.001,-0.067,1.487,1.488,1.488,1.487,1.493,1.478,172879100,257020634
997,sh513600,恒生指数ETF,2.731,-0.021,-0.763,2.73,2.731,2.752,2.738,2.753,2.713,112969100,308584283
998,sh513590,香港消费ETF,0.908,-0.008,-0.873,0.908,0.909,0.916,0.912,0.917,0.901,40951100,37231806
999,sh513580,恒生科技ETF指数基金,0.696,-0.003,-0.429,0.696,0.697,0.699,0.695,0.705,0.686,319521900,221598641
1000,sh513560,香港科技ETF,1.302,-0.006,-0.459,1.301,1.302,1.308,1.299,1.316,1.285,145133300,188839131
1001,sh513550,港股通50ETF,1.073,-0.007,-0.648,1.072,1.073,1.08,1.076,1.08,1.064,90429700,96992997
1002,sh513530,港股通红利ETF,1.638,-0.006,-0.365,1.637,1.638,1.644,1.641,1.647,1.635,50432691,82737678
1003,sh513520,日经ETF,1.527,-0.006,-0.391,1.526,1.528,1.533,1.534,1.536,1.526,45079100,68952109
1004,sh513500,标普500ETF,2.125,0.011,0.52,2.124,2.125,2.114,2.125,2.132,2.122,232559100,494655928
1005,sh513400,道琼斯ETF,1.152,0.001,0.087,1.152,1.153,1.151,1.157,1.157,1.152,85578100,98822458
1006,sh513390,纳指100ETF,1.834,0.007,0.383,1.833,1.834,1.827,1.84,1.844,1.833,47071800,86509282
1007,sh513380,恒生科技ETF龙头,0.636,-0.003,-0.469,0.636,0.637,0.639,0.636,0.645,0.627,552090500,350952645
1008,sh513360,教育ETF,0.516,0.0,0.0,0.516,0.517,0.516,0.515,0.522,0.513,364104960,188380722
1009,sh513350,标普油气ETF,0.949,-0.003,-0.315,0.948,0.949,0.952,0.952,0.954,0.948,58145400,55291011
1010,sh513330,恒生互联网ETF,0.481,0.001,0.208,0.48,0.481,0.48,0.479,0.489,0.474,6611495100,3183762408
1011,sh513320,恒生新经济ETF,1.271,-0.01,-0.781,1.27,1.271,1.281,1.27,1.285,1.258,29159100,37036504
1012,sh513310,中韩半导体ETF,1.64,-0.018,-1.086,1.639,1.64,1.658,1.647,1.654,1.63,119170800,195863206
1013,sh513300,纳斯达克ETF,2.037,0.009,0.444,2.036,2.038,2.028,2.044,2.045,2.037,153518602,313320109
1014,sh513290,纳指生物科技ETF,1.128,-0.007,-0.617,1.128,1.129,1.135,1.136,1.136,1.127,74071400,83734026
1015,sh513280,恒生生物科技ETF,1.066,0.002,0.188,1.066,1.067,1.064,1.058,1.077,1.048,160865900,171262270
1016,sh513260,恒生科技ETF基金,1.341,-0.006,-0.445,1.34,1.341,1.347,1.337,1.358,1.324,503960700,674730064
1017,sh513230,港股消费ETF,1.023,-0.009,-0.872,1.023,1.024,1.032,1.027,1.03,1.015,50676000,51876256
1018,sh513220,中概互联ETF,1.204,-0.009,-0.742,1.204,1.205,1.213,1.21,1.219,1.196,58809500,71003768
1019,sh513210,恒生ETF易方达,1.486,-0.011,-0.735,1.485,1.487,1.497,1.491,1.498,1.474,6435100,9564203
1020,sh513200,港股通医药ETF,1.022,0.003,0.294,1.022,1.023,1.019,1.018,1.032,1.006,338613638,344962303
1021,sh513190,港股通金融ETF,1.672,0.004,0.24,1.671,1.672,1.668,1.662,1.686,1.652,227362800,379790575
1022,sh513180,恒生科技指数ETF,0.704,-0.004,-0.565,0.703,0.704,0.708,0.704,0.713,0.695,7699516400,5413883281
1023,sh513170,恒生央企ETF,1.377,-0.002,-0.145,1.376,1.377,1.379,1.378,1.384,1.365,11903000,16339730
1024,sh513160,港股科技30ETF,1.102,-0.005,-0.452,1.102,1.103,1.107,1.1,1.121,1.085,397702399,438100812
1025,sh513150,港股通科技ETF华泰柏瑞,1.114,-0.009,-0.801,1.113,1.115,1.123,1.118,1.129,1.101,49277100,54961961
1026,sh513140,港股金融ETF,1.478,-0.007,-0.471,1.478,1.479,1.485,1.482,1.488,1.466,20965600,30971850
1027,sh513130,恒生科技ETF,0.692,-0.004,-0.575,0.692,0.693,0.696,0.692,0.701,0.684,7191832600,4974204850
1028,sh513120,港股创新药ETF,1.198,0.011,0.927,1.198,1.199,1.187,1.187,1.208,1.174,7055966100,8413157057
1029,sh513110,纳斯达克100ETF,1.881,0.008,0.427,1.881,1.882,1.873,1.887,1.888,1.88,47354700,89211542
1030,sh513100,纳指ETF,1.636,0.01,0.615,1.635,1.636,1.626,1.639,1.64,1.635,318755001,521867889
1031,sh513090,香港证券ETF,1.867,0.013,0.701,1.867,1.868,1.854,1.851,1.927,1.835,10572425416,19940477623
1032,sh513080,法国CAC40ETF,1.715,-0.014,-0.81,1.715,1.716,1.729,1.725,1.725,1.714,40506800,69590469
1033,sh513070,港股消费ETF易方达,1.291,-0.011,-0.845,1.289,1.29,1.302,1.295,1.304,1.28,12341400,15946081
1034,sh513060,恒生医疗ETF,0.58,0.0,0.0,0.58,0.581,0.58,0.579,0.587,0.571,3622333792,2098751796
1035,sh513050,中概互联网ETF,1.347,-0.006,-0.443,1.347,1.348,1.353,1.345,1.359,1.336,1316472000,1772540547
1036,sh513040,港股通互联网ETF,1.385,-0.009,-0.646,1.385,1.386,1.394,1.389,1.403,1.369,62861717,87020458
1037,sh513030,德国ETF,1.882,-0.009,-0.476,1.881,1.882,1.891,1.892,1.892,1.881,49945200,94172067
1038,sh513020,港股科技ETF,1.096,-0.008,-0.725,1.096,1.097,1.104,1.102,1.113,1.084,335283200,368018523
1039,sh513010,恒生科技ETF易方达,0.718,-0.004,-0.554,0.718,0.719,0.722,0.718,0.728,0.71,1744082900,1252696087
1040,sh513000,日经225ETF易方达,1.527,-0.007,-0.456,1.527,1.529,1.534,1.535,1.536,1.526,17119600,26178964
1041,sh512990,MSCIA股ETF,1.647,0.004,0.243,1.647,1.649,1.643,1.646,1.661,1.641,1586100,2614440
1042,sh512980,传媒ETF,0.854,0.008,0.946,0.854,0.855,0.846,0.844,0.86,0.842,114978905,97887514
1043,sh512970,大湾区ETF,1.232,0.003,0.244,1.226,1.237,1.229,1.229,1.244,1.228,118000,145971
1044,sh512960,央企结构调整ETF,1.285,0.003,0.234,1.284,1.285,1.282,1.28,1.292,1.28,11095700,14300988
1045,sh512950,央企改革ETF,1.325,0.001,0.076,1.325,1.326,1.324,1.321,1.333,1.321,7433700,9875839
1046,sh512930,AI人工智能ETF,1.352,-0.003,-0.221,1.351,1.352,1.355,1.354,1.367,1.348,51850800,70320056
1047,sh512910,中证A100ETF,1.052,0.002,0.19,1.051,1.054,1.05,1.048,1.061,1.047,14554000,15334949
1048,sh512900,证券ETF南方,1.119,-0.001,-0.089,1.117,1.119,1.12,1.121,1.145,1.108,70397000,79123170
1049,sh512890,红利低波ETF,1.211,0.01,0.833,1.21,1.211,1.201,1.2,1.216,1.199,385361000,465870657
1050,sh512880,证券ETF,1.131,0.0,0.0,1.131,1.132,1.131,1.13,1.152,1.121,1926628920,2187076180
1051,sh512870,杭州湾区ETF,1.194,0.0,0.0,1.191,1.195,1.194,1.189,1.203,1.184,176200,209443
1052,sh512820,银行ETF龙头,1.56,0.028,1.828,1.559,1.56,1.532,1.529,1.568,1.529,101752600,158149968
1053,sh512810,国防军工ETF,0.646,-0.004,-0.615,0.645,0.646,0.65,0.649,0.652,0.641,102797700,66371609
1054,sh512800,银行ETF,1.777,0.031,1.775,1.776,1.777,1.746,1.742,1.788,1.741,491442760,869176606
1055,sh512770,战略新兴ETF,1.397,0.002,0.143,1.396,1.399,1.395,1.394,1.413,1.392,669100,936444
1056,sh512760,芯片ETF,1.13,-0.002,-0.177,1.13,1.131,1.132,1.132,1.147,1.119,293610700,332098417
1057,sh512750,基本面50ETF,1.502,0.017,1.145,1.5,1.502,1.485,1.488,1.509,1.484,4967200,7430609
1058,sh512730,银行ETF指数,1.814,0.032,1.796,1.813,1.814,1.782,1.784,1.827,1.784,7681200,13902006
1059,sh512720,计算机ETF,1.055,0.001,0.095,1.054,1.055,1.054,1.057,1.069,1.047,41237600,43612119
1060,sh512710,军工龙头ETF,0.67,-0.001,-0.149,0.67,0.671,0.671,0.671,0.679,0.664,1175674100,788589921
1061,sh512700,银行ETF南方,1.797,0.033,1.871,1.796,1.798,1.764,1.766,1.807,1.764,142409000,254559729
1062,sh512690,酒ETF,0.555,0.0,0.0,0.555,0.556,0.555,0.555,0.558,0.553,898253408,498977108
1063,sh512680,军工ETF龙头,1.143,-0.008,-0.695,1.143,1.144,1.151,1.15,1.156,1.137,145812800,166769510
1064,sh512670,国防ETF,0.768,-0.004,-0.518,0.768,0.769,0.772,0.771,0.779,0.763,584406311,450567214
1065,sh512660,军工ETF,1.116,-0.008,-0.712,1.116,1.117,1.124,1.122,1.128,1.11,648772980,725062998
1066,sh512650,长三角ETF,1.032,0.004,0.389,1.031,1.033,1.028,1.03,1.04,1.027,2084800,2147986
1067,sh512640,金融地产ETF嘉实,2.502,0.023,0.928,2.502,2.506,2.479,2.475,2.529,2.471,4098800,10192213
1068,sh512600,消费ETF嘉实,0.678,0.0,0.0,0.678,0.679,0.678,0.678,0.681,0.675,10013000,6791310
1069,sh512580,环保ETF,0.95,-0.004,-0.419,0.949,0.95,0.954,0.954,0.959,0.948,9415100,8974547
1070,sh512570,证券ETF易方达,1.13,-0.001,-0.088,1.129,1.13,1.131,1.131,1.149,1.12,24690200,27897502
1071,sh512560,军工ETF易方达,0.683,-0.005,-0.727,0.683,0.684,0.688,0.687,0.69,0.678,114098829,77904423
1072,sh512550,富时A50ETF嘉实,1.586,0.013,0.826,1.586,1.587,1.573,1.57,1.599,1.568,6438900,10195068
1073,sh512530,沪深300红利ETF,1.585,0.014,0.891,1.583,1.585,1.571,1.573,1.591,1.568,1124200,1779972
1074,sh512520,MSCIETF,1.216,0.003,0.247,1.215,1.217,1.213,1.212,1.224,1.211,1076400,1309949
1075,sh512510,中证500ETF华泰柏瑞,1.695,0.001,0.059,1.693,1.695,1.694,1.688,1.709,1.686,14201100,24059385
1076,sh512500,中证500ETF华夏,3.272,-0.003,-0.092,3.273,3.275,3.275,3.275,3.304,3.26,117592189,385654071
1077,sh512480,半导体ETF,1.022,-0.002,-0.195,1.021,1.022,1.024,1.023,1.038,1.012,1384941000,1417929272
1078,sh512400,有色金属ETF,1.149,-0.017,-1.458,1.149,1.15,1.166,1.159,1.163,1.146,312459750,359486941
1079,sh512390,平安MSCI低波ETF,1.131,0.003,0.266,1.131,1.133,1.128,1.127,1.131,1.127,484800,547672
1080,sh512380,MSCI中国ETF,1.356,0.004,0.296,1.356,1.357,1.352,1.351,1.367,1.348,3217400,4362955
1081,sh512360,MSCI中国A股ETF基金,1.522,0.005,0.33,1.514,1.53,1.517,1.52,1.532,1.52,76400,116522
1082,sh512330,信息科技ETF,1.041,-0.002,-0.192,1.04,1.041,1.043,1.046,1.056,1.036,3765700,3938445
1083,sh512290,生物医药ETF,0.986,0.004,0.407,0.986,0.987,0.982,0.981,0.993,0.978,75443123,74401825
1084,sh512280,MSCIA股ETF景顺,1.432,0.0,0.0,0.0,0.0,1.432,0.0,0.0,0.0,0,0
1085,sh512260,中证500低波动ETF,1.565,-0.005,-0.318,1.562,1.569,1.57,1.568,1.575,1.564,998100,1563320
1086,sh512250,中证A50ETF招商,1.079,0.005,0.466,1.077,1.089,1.074,1.067,1.093,1.067,3724700,4014265
1087,sh512240,A50ETF龙头,1.015,0.001,0.099,1.015,1.017,1.014,1.013,1.025,1.011,5960100,6063468
1088,sh512220,TMTETF,1.777,-0.006,-0.337,1.778,1.779,1.783,1.766,1.801,1.766,2216100,3950894
1089,sh512200,房地产ETF,1.353,-0.007,-0.515,1.352,1.354,1.36,1.361,1.362,1.349,81946553,111054714
1090,sh512190,浙商之江凤凰ETF,2.037,-0.002,-0.098,2.023,2.037,2.039,2.04,2.04,2.025,52900,107682
1091,sh512180,MSCIA股ETF基金,1.437,0.004,0.279,1.427,1.441,1.433,1.43,1.439,1.43,26700,38279
1092,sh512170,医疗ETF,0.332,0.0,0.0,0.331,0.332,0.332,0.331,0.334,0.33,1256301700,417268672
1093,sh512160,MSCI中国A股ETF,1.237,0.005,0.406,1.235,1.237,1.232,1.232,1.245,1.231,8324300,10293244
1094,sh512150,A50ETF,1.69,0.011,0.655,1.69,1.691,1.679,1.676,1.704,1.672,3177300,5380885
1095,sh512130,现金流ETF中证全指,1.027,0.0,0.0,1.026,1.027,1.027,1.027,1.03,1.003,11668000,11960755
1096,sh512120,医药50ETF,0.439,0.0,0.0,0.438,0.439,0.439,0.438,0.442,0.436,26486400,11629829
1097,sh512100,中证1000ETF,2.547,-0.01,-0.391,2.546,2.547,2.557,2.55,2.573,2.537,333574096,851113098
1098,sh512090,MSCIA股ETF易方达,1.619,0.005,0.31,1.618,1.619,1.614,1.614,1.631,1.611,5824200,9415979
1099,sh512080,A500ETF中金,1.049,0.003,0.287,1.049,1.05,1.046,1.043,1.057,1.043,123039800,128845513
1100,sh512070,证券保险ETF,0.822,0.003,0.366,0.822,0.823,0.819,0.819,0.836,0.812,411698047,339335145
1101,sh512050,A500ETF基金,0.971,0.001,0.103,0.971,0.972,0.97,0.97,0.98,0.966,3930059592,3809912512
1102,sh512040,价值100ETF,0.973,-0.002,-0.205,0.973,0.974,0.975,0.975,0.978,0.971,59184500,57689518
1103,sh512020,A500ETF指数,1.03,0.003,0.292,1.03,1.031,1.027,1.026,1.04,1.025,191583755,197277845
1104,sh512010,医药ETF,0.371,0.001,0.27,0.371,0.372,0.37,0.371,0.374,0.37,1318200550,490263863
1105,sh512000,券商ETF,1.082,0.0,0.0,1.081,1.082,1.082,1.081,1.1,1.072,888226263,964342151
1106,sh511990,华宝添益ETF,100.008,0.005,0.005,100.007,100.008,100.003,100.008,100.009,100.006,106741326,10674954133
1107,sh511980,现金添富ETF,100.111,0.008,0.008,100.095,100.122,100.103,100.133,100.133,100.106,1800,180200
1108,sh511970,国寿货币ETF,100.006,0.007,0.007,100.005,100.007,99.999,100.005,100.007,100.005,5000,500029
1109,sh511960,嘉实快线ETF,100.008,0.008,0.008,100.006,100.008,100.0,100.006,100.009,100.006,400,40003
1110,sh511950,添利货币ETF,100.007,0.008,0.008,100.006,100.007,99.999,100.005,100.007,100.005,5303,530331
1111,sh511930,国联日盈货币ETF,100.007,0.008,0.008,99.98,100.007,99.999,100.005,100.007,100.005,1300,130007
1112,sh511920,广发货币ETF,100.006,0.005,0.005,100.0,100.007,100.001,100.006,100.007,100.006,5412,541235
1113,sh511910,融通货币ETF,100.007,0.008,0.008,100.002,100.007,99.999,100.005,100.011,100.005,5030,503030
1114,sh511900,富国货币ETF,100.01,0.005,0.005,100.009,100.012,100.005,100.005,100.013,100.005,61428,6143433
1115,sh511880,银华日利ETF,100.7,0.022,0.022,100.699,100.7,100.678,100.686,100.701,100.684,148127234,14914817127
1116,sh511860,保证金货币ETF,100.007,0.006,0.006,100.005,100.008,100.001,100.006,100.007,100.006,2603,260318
1117,sh511850,财富宝ETF,100.011,0.005,0.005,100.011,100.012,100.006,100.011,100.013,100.01,2316179,231644605
1118,sh511830,华泰货币ETF,100.007,0.006,0.006,100.004,100.007,100.001,100.005,100.007,100.005,5008,500829
1119,sh511820,鹏华添利ETF,100.007,0.007,0.007,98.244,100.006,100.0,100.005,100.007,100.004,5500,550030
1120,sh511810,理财金货币ETF,100.006,0.003,0.003,100.005,100.006,100.003,100.006,100.008,100.005,255924,25594107
1121,sh511800,易方达货币ETF,100.013,0.006,0.006,100.012,100.014,100.007,100.006,100.013,100.005,34730,3473350
1122,sh511770,金鹰增益货币ETF,100.005,0.006,0.006,99.999,100.006,99.999,100.004,100.008,100.004,2100,210011
1123,sh511700,场内货币ETF,100.015,0.005,0.005,100.014,100.015,100.01,100.015,100.017,100.013,571631,57171689
1124,sh511690,交易货币ETF,100.008,0.001,0.001,100.009,100.011,100.007,100.007,100.012,100.007,66480,6648660
1125,sh511670,华泰天天金ETF,100.005,0.005,0.005,99.99,100.007,100.0,100.008,100.008,100.005,929,92905
1126,sh511660,货币ETF建信添益,100.006,0.002,0.002,100.005,100.006,100.004,100.007,100.009,100.006,6839983,684048354
1127,sh511650,华夏快线ETF,100.005,0.003,0.003,100.004,100.008,100.002,100.006,100.009,100.005,600,60004
1128,sh511620,货币基金ETF,100.015,0.006,0.006,100.014,100.015,100.009,100.014,100.016,100.014,87323,8733590
1129,sh511600,货币ETF,100.052,0.046,0.046,100.052,100.06,100.006,100.005,100.06,100.005,12542,1254388
1130,sh511580,国债政金债ETF,107.903,0.018,0.017,107.9,107.904,107.885,107.9,107.904,107.89,2017300,217672694
1131,sh511520,政金债券ETF,115.972,0.027,0.023,115.973,115.974,115.945,115.938,115.99,115.93,70197100,8140736660
1132,sh511380,可转债ETF,12.488,-0.001,-0.008,12.486,12.488,12.489,12.47,12.549,12.462,677865988,8476485410
1133,sh511360,短融ETF,112.032,0.019,0.017,112.032,112.033,112.013,112.028,112.037,112.028,175074886,19613907444
1134,sh511270,10年地方债ETF,118.465,0.067,0.057,118.465,118.495,118.398,118.396,118.495,118.396,7390600,875271821
1135,sh511260,十年国债ETF,136.923,0.019,0.014,136.92,136.924,136.904,136.915,136.948,136.891,52915700,7245169324
1136,sh511220,城投债ETF,10.32,0.005,0.048,10.321,10.322,10.315,10.316,10.324,10.316,113122481,1167464244
1137,sh511200,信用债ETF基金,101.399,0.119,0.117,101.397,101.399,101.28,101.33,101.404,101.27,87640650,8886114669
1138,sh511190,信用债ETF,101.358,0.171,0.169,101.35,101.361,101.187,101.244,101.371,101.19,62739018,6355606716
1139,sh511180,上证可转债ETF,11.947,0.036,0.302,11.945,11.947,11.911,11.91,11.993,11.902,81332794,971957193
1140,sh511160,国债ETF东财,100.314,0.037,0.037,100.312,100.314,100.277,100.297,100.325,100.277,22609584,2268105342
1141,sh511130,30年国债ETF博时,112.861,-0.017,-0.015,112.856,112.86,112.878,112.851,112.97,112.78,24109035,2721530436
1142,sh511110,公司债ETF易方达,101.34,0.079,0.078,101.341,101.376,101.261,101.245,101.379,101.244,26951074,2730460067
1143,sh511100,基准国债ETF,109.894,0.003,0.003,109.86,109.895,109.891,109.899,109.909,109.855,7776500,854474087
1144,sh511090,30年国债ETF,125.073,0.017,0.014,125.065,125.07,125.056,125.05,125.199,124.975,50099392,6267304678
1145,sh511070,上证公司债ETF,101.209,0.119,0.118,101.194,101.209,101.09,101.1,101.209,101.1,116602374,11800300573
1146,sh511060,5年地方债ETF,106.947,0.007,0.007,106.94,106.947,106.94,106.954,106.955,106.905,8549000,914235495
1147,sh511030,公司债ETF,106.228,0.078,0.073,106.218,106.228,106.15,106.16,106.235,106.16,22477290,2387316043
1148,sh511020,国债ETF5至10年,117.708,0.015,0.013,117.693,117.708,117.693,117.695,117.733,117.688,12677000,1492146464
1149,sh511010,国债ETF,141.762,0.033,0.023,141.762,141.765,141.729,141.744,141.769,141.736,19161100,2716145342
1150,sh510990,180ESGETF,0.939,0.004,0.428,0.939,0.941,0.935,0.934,0.946,0.933,4627700,4342702
1151,sh510980,上证综合ETF,1.195,0.003,0.252,1.195,1.196,1.192,1.191,1.204,1.188,20537000,24550878
1152,sh510950,上证50ETF广发,1.15,0.006,0.524,1.149,1.151,1.144,1.144,1.159,1.139,10556000,12147908
1153,sh510900,H股ETF,1.111,-0.007,-0.626,1.111,1.112,1.118,1.112,1.12,1.102,283241538,314511235
1154,sh510880,红利ETF,3.222,0.024,0.75,3.222,3.223,3.198,3.197,3.233,3.196,167707650,539974042
1155,sh510850,上证50ETF工银,3.194,0.021,0.662,3.194,3.195,3.173,3.165,3.216,3.165,6876700,21948650
1156,sh510810,上海国企ETF,0.848,0.003,0.355,0.848,0.849,0.845,0.845,0.856,0.845,8446030,7186807
1157,sh510800,50ETF基金,1.275,0.007,0.552,1.273,1.275,1.268,1.266,1.284,1.263,8322700,10610221
1158,sh510770,G60创新ETF,0.584,-0.002,-0.341,0.584,0.585,0.586,0.585,0.59,0.578,1945900,1135713
1159,sh510760,上证综指ETF,1.12,0.005,0.448,1.119,1.12,1.115,1.114,1.126,1.112,74591647,83467903
1160,sh510720,红利国企ETF,0.993,0.006,0.608,0.992,0.993,0.987,0.986,0.998,0.985,90491200,89838516
1161,sh510710,上证50ETF博时,3.82,0.025,0.659,3.82,3.825,3.795,3.793,3.85,3.785,3300500,12608324
1162,sh510680,上证50ETF基金,2.881,0.013,0.453,2.881,2.884,2.868,2.869,2.907,2.856,2097000,6052684
1163,sh510660,医药卫生ETF,2.321,0.013,0.563,2.321,2.325,2.308,2.307,2.336,2.307,533500,1239076
1164,sh510650,金融地产ETF,3.074,0.042,1.385,3.069,3.074,3.032,3.026,3.094,3.025,377500,1153355
1165,sh510630,消费30ETF,0.918,0.0,0.0,0.917,0.918,0.918,0.918,0.921,0.914,13112800,12028499
1166,sh510600,申万上证50ETF,3.552,0.023,0.652,3.55,3.556,3.529,3.529,3.58,3.528,898800,3189149
1167,sh510590,中证500ETF平安,6.195,0.017,0.275,6.17,6.195,6.178,6.182,6.246,6.178,427500,2661021
1168,sh510580,中证500ETF易方达,2.998,-0.006,-0.2,2.996,3.0,3.004,3.001,3.03,2.988,21902182,65755756
1169,sh510570,兴业中证500ETF,0.926,0.0,0.0,0.921,0.931,0.926,0.925,0.933,0.925,120300,112171
1170,sh510560,国寿500ETF,1.417,0.006,0.425,1.414,1.417,1.411,1.412,1.426,1.412,759000,1076662
1171,sh510550,方正中证500ETF,1.494,0.003,0.201,1.489,1.493,1.491,1.49,1.505,1.489,177200,264493
1172,sh510530,中证500ETF工银,6.3,-0.006,-0.095,6.294,6.305,6.306,6.3,6.365,6.277,866000,5461253
1173,sh510510,中证500ETF基金,1.868,0.0,0.0,1.867,1.868,1.868,1.866,1.885,1.859,25696200,48003862
1174,sh510500,中证500ETF,5.963,-0.008,-0.134,5.961,5.964,5.971,5.958,6.025,5.94,162617761,971146047
1175,sh510410,资源ETF,1.277,-0.007,-0.545,1.277,1.278,1.284,1.287,1.287,1.273,52358100,67215948
1176,sh510390,沪深300ETF平安,4.38,0.019,0.436,4.374,4.38,4.361,4.356,4.414,4.351,1389600,6097706
1177,sh510380,国寿300ETF,1.156,0.004,0.347,1.156,1.159,1.152,1.154,1.164,1.151,1027500,1191151
1178,sh510370,300指数ETF,0.883,0.003,0.341,0.881,0.883,0.88,0.879,0.89,0.878,1169500,1033447
1179,sh510360,沪深300ETF基金,1.496,0.007,0.47,1.495,1.496,1.489,1.489,1.507,1.486,25855900,38680182
1180,sh510350,沪深300ETF工银,4.08,0.018,0.443,4.078,4.08,4.062,4.055,4.111,4.052,8368854,34143713
1181,sh510330,沪深300ETF华夏,4.147,0.014,0.339,4.148,4.149,4.133,4.13,4.183,4.123,87105683,361254400
1182,sh510320,沪深300ETF中金,1.062,0.004,0.378,1.061,1.065,1.058,1.056,1.069,1.055,38698500,41171933
1183,sh510310,沪深300ETF易方达,3.942,0.016,0.408,3.941,3.943,3.926,3.916,3.974,3.915,250856689,988334426
1184,sh510300,沪深300ETF,4.032,0.017,0.423,4.031,4.032,4.015,4.011,4.065,4.004,1052562084,4241383565
1185,sh510290,上证380ETF,2.049,-0.007,-0.34,2.05,2.052,2.056,2.047,2.068,2.046,804300,1647913
1186,sh510270,国企ETF,1.38,0.007,0.51,1.374,1.38,1.373,1.371,1.383,1.368,479200,660400
1187,sh510230,金融ETF,1.413,0.02,1.436,1.411,1.412,1.393,1.389,1.423,1.386,39068200,55004397
1188,sh510210,上证指数ETF,0.87,0.003,0.346,0.869,0.87,0.867,0.866,0.876,0.865,223847500,194558609
1189,sh510200,上证券商ETF,1.209,-0.001,-0.083,1.208,1.209,1.21,1.21,1.226,1.199,3057500,3700299
1190,sh510190,上证50ETF指数基金,3.932,0.018,0.46,3.924,3.94,3.914,3.906,3.964,3.899,1208300,4745630
1191,sh510180,上证180ETF,3.628,0.01,0.276,3.628,3.633,3.618,3.621,3.658,3.608,13174500,47898695
1192,sh510170,大宗商品ETF,0.916,-0.004,-0.435,0.915,0.916,0.92,0.921,0.922,0.915,3216500,2950337
1193,sh510160,产业升级ETF,0.868,0.007,0.813,0.868,0.87,0.861,0.861,0.871,0.861,4557600,3944363
1194,sh510150,消费ETF,0.527,0.002,0.381,0.526,0.527,0.525,0.525,0.529,0.524,79566300,41892409
1195,sh510130,上证中盘ETF易方达,6.279,0.02,0.32,6.286,6.299,6.259,6.246,6.33,6.246,236200,1483323
1196,sh510100,上证50ETF易方达,2.776,0.018,0.653,2.774,2.776,2.758,2.758,2.795,2.748,101834911,282771003
1197,sh510090,ESGETF基金,2.608,0.022,0.851,2.601,2.608,2.586,2.581,2.622,2.581,101400,264258
1198,sh510060,央企ETF,2.6,0.015,0.58,2.599,2.6,2.585,2.578,2.61,2.578,293639,762376
1199,sh510050,上证50ETF,2.836,0.016,0.567,2.835,2.836,2.82,2.818,2.858,2.809,563123547,1597038384
1200,sh510040,上证180ETF指数,1.024,0.007,0.688,1.023,1.025,1.017,1.017,1.029,1.017,6890700,7039054
1201,sh510030,价值ETF,1.099,0.014,1.29,1.098,1.099,1.085,1.085,1.108,1.083,6169800,6769768
1202,sh510020,超大盘ETF,3.285,0.012,0.367,3.285,3.29,3.273,3.265,3.331,3.263,170860,558855
1203,sh510010,180治理ETF,1.649,-0.013,-0.782,1.647,1.659,1.662,1.664,1.664,1.647,36700,60763
